#pragma once

#include <stdint.h>

#define LAUNCHER_ICON_W 48
#define LAUNCHER_ICON_H 48

static const uint16_t s_launcher_icon_rgb565[5][LAUNCHER_ICON_W * LAUNCHER_ICON_H] = {
    // chat_alarm
    {
        0x0000, 0x0000, 0x0000, 0x0000, 0x0000, 0x0000, 0x0000, 0x0000, 0x0000, 0x0000, 0x0000, 0x0000,
        0x0000, 0x0000, 0x7FFF, 0x3BF7, 0x0000, 0x0000, 0x0000, 0x0000, 0x3D5C, 0x3D1C, 0x3CFB, 0x3CFB,
        0x3CFB, 0x3CFB, 0x3D1C, 0x3D5C, 0x0000, 0x0000, 0x0000, 0x0000, 0x3BF7, 0x7FFF, 0x0000, 0x0000,
        0x0000, 0x0000, 0x0000, 0x0000, 0x0000, 0x0000, 0x0000, 0x0000, 0x0000, 0x0000, 0x0000, 0x0000,
        0x0000, 0x0000, 0x0000, 0x0000, 0x0000, 0x0000, 0x0000, 0x0000, 0x0000, 0x0000, 0x0000, 0x0000,
        0x7BFF, 0x7BFF, 0x0000, 0x0000, 0x349B, 0x451C, 0x3D1C, 0x3CFC, 0x3CFB, 0x3CFB, 0x3CFB, 0x3CFB,
        0x3CFB, 0x3CFB, 0x3CFB, 0x3CFB, 0x3CFC, 0x3CFC, 0x3CFC, 0x351B, 0x0000, 0x0000, 0x7BFF, 0x7BFF,
        0x0000, 0x0000, 0x0000, 0x0000, 0x0000, 0x0000, 0x0000, 0x0000, 0x0000, 0x0000, 0x0000, 0x0000,
        0x0000, 0x0000, 0x0000, 0x0000, 0x0000, 0x0000, 0x0000, 0x0000, 0x0000, 0x0000, 0x001F, 0x555F,
        0x0000, 0x0000, 0x451C, 0x3D1C, 0x3D1C, 0x453D, 0x455D, 0x453D, 0x451C, 0x3CFC, 0x3CFB, 0x3CFB,
        0x3CFB, 0x3CFB, 0x3CFC, 0x451C, 0x453D, 0x455D, 0x453D, 0x3D1C, 0x3D1C, 0x3D1C, 0x0000, 0x0000,
        0x555F, 0x001F, 0x0000, 0x0000, 0x0000, 0x0000, 0x0000, 0x0000, 0x0000, 0x0000, 0x0000, 0x0000,
        0x0000, 0x0000, 0x0000, 0x0000, 0x0000, 0x0000, 0x0000, 0x0000, 0x0000, 0x7BFF, 0x0000, 0x0000,
        0x3CFB, 0x3D1C, 0x3CFC, 0x455D, 0x3D1C, 0x3CFB, 0x3CFB, 0x3CFB, 0x3CFB, 0x3CFB, 0x3CFB, 0x3CFB,
        0x3CFB, 0x3CFB, 0x3CFB, 0x3CFB, 0x3CFB, 0x3CFB, 0x3CFB, 0x3D1C, 0x455D, 0x3D1C, 0x3D1C, 0x3D1B,
        0x0000, 0x0000, 0x7BFF, 0x0000, 0x0000, 0x0000, 0x0000, 0x0000, 0x0000, 0x0000, 0x0000, 0x0000,
        0x0000, 0x0000, 0x0000, 0x0000, 0x0000, 0x0000, 0x0000, 0x0000, 0x3BF7, 0x0000, 0x3C78, 0x3D1C,
        0x451C, 0x453D, 0x3CFB, 0x3CFB, 0x3CFB, 0x3CFB, 0x3CFB, 0x3CFB, 0x3CFB, 0x3CFB, 0x3CFB, 0x3CFB,
        0x3CFB, 0x3CFB, 0x3CFB, 0x3CFB, 0x3CFB, 0x3CFB, 0x3CFB, 0x3CFB, 0x3CFB, 0x3CFB, 0x453D, 0x451C,
        0x3CFC, 0x3C78, 0x0000, 0x555F, 0x0000, 0x0000, 0x0000, 0x0000, 0x0000, 0x0000, 0x0000, 0x0000,
        0x0000, 0x0000, 0x0000, 0x0000, 0x0000, 0x0000, 0x0000, 0x3BF7, 0x0000, 0x3CDA, 0x451C, 0x455D,
        0x3CFB, 0x3CFB, 0x3CFB, 0x3CFB, 0x3CFB, 0x3CFB, 0x3CFB, 0x3CFB, 0x3CFB, 0x3CFB, 0x3CFB, 0x3CFB,
        0x3CFB, 0x3CFB, 0x3CFB, 0x3CFB, 0x3CFB, 0x3CFB, 0x3CFB, 0x3CFB, 0x3CFB, 0x3CFB, 0x3CFB, 0x3CFB,
        0x455D, 0x451C, 0x3CDA, 0x0000, 0x3BF7, 0x0000, 0x0000, 0x0000, 0x0000, 0x0000, 0x0000, 0x0000,
        0x0000, 0x0000, 0x0000, 0x0000, 0x0000, 0x0000, 0x3BFF, 0x0000, 0x3CDB, 0x3D1C, 0x453C, 0x3CFB,
        0x3CFB, 0x3CFB, 0x3CFB, 0x3CFB, 0x3CFB, 0x3CFB, 0x3CFB, 0x3CFB, 0x3CFB, 0x3CFB, 0x3CFB, 0x3CFB,
        0x3CFB, 0x3CFB, 0x3CFB, 0x3CFB, 0x3CFB, 0x3CFB, 0x3CFB, 0x3CFB, 0x3CFB, 0x3CFB, 0x3CFB, 0x3CFB,
        0x3CFB, 0x453C, 0x3D1C, 0x3CFB, 0x0000, 0x3BFF, 0x0000, 0x0000, 0x0000, 0x0000, 0x0000, 0x0000,
        0x0000, 0x0000, 0x0000, 0x0000, 0x0000, 0x3BF7, 0x0000, 0x3CDB, 0x451C, 0x3D1C, 0x3CDB, 0x3CFB,
        0x3CFB, 0x3CFB, 0x3CFB, 0x3CFB, 0x3CFB, 0x3CFB, 0x3CFB, 0x3CFB, 0x3CFB, 0x3CFB, 0x3CFB, 0x3CFB,
        0x3CFB, 0x3CFB, 0x3CFB, 0x3CFB, 0x3CFB, 0x3CFB, 0x3CFB, 0x3CFB, 0x3CFB, 0x3CFB, 0x3CFB, 0x3CFB,
        0x3CFB, 0x3CFB, 0x3D1C, 0x451C, 0x3CDB, 0x0000, 0x3BF7, 0x0000, 0x0000, 0x0000, 0x0000, 0x0000,
        0x0000, 0x0000, 0x0000, 0x0000, 0x555F, 0x0000, 0x3CDB, 0x451C, 0x3CFB, 0x3CFB, 0x3CFB, 0x3CFB,
        0x3CFB, 0x3CFB, 0x3CFB, 0x3CFB, 0x3CFB, 0x3CFB, 0x3CFB, 0x3CFB, 0x3CFB, 0x3CFB, 0x3CFB, 0x4D1B,
        0x4D1B, 0x3CFB, 0x3CFB, 0x3CFB, 0x3CFB, 0x3CFB, 0x3CFB, 0x3CFB, 0x3CFB, 0x3CFB, 0x3CFB, 0x3CFB,
        0x3CFB, 0x3CFB, 0x3CFB, 0x3CFB, 0x451C, 0x3CDB, 0x0000, 0x555F, 0x0000, 0x0000, 0x0000, 0x0000,
        0x0000, 0x0000, 0x0000, 0x7BFF, 0x0000, 0x3CBB, 0x451C, 0x3D1C, 0x3CFB, 0x3CFB, 0x3CFB, 0x3CFB,
        0x3CFB, 0x3CFB, 0x3CFB, 0x3CFB, 0x3CFB, 0x3CFB, 0x3CFB, 0x3CFB, 0x3CFB, 0x3CFB, 0x5D3A, 0xADF8,
        0xADF8, 0x5D3A, 0x3CFB, 0x3CFB, 0x3CFB, 0x3CFB, 0x3CFB, 0x3CFB, 0x3CFB, 0x3CFB, 0x3CFB, 0x3CFB,
        0x3CFB, 0x3CFB, 0x3CFB, 0x3CFB, 0x3D1C, 0x451C, 0x3CBB, 0x0000, 0x7BFF, 0x0000, 0x0000, 0x0000,
        0x0000, 0x0000, 0x07FF, 0x5555, 0x3CFB, 0x3CFB, 0x453D, 0x3CFB, 0x3CFB, 0x3CFB, 0x3CFB, 0x3CFB,
        0x3CFB, 0x3CFB, 0x3CFB, 0x3CFB, 0x3CFB, 0x3CFB, 0x3CFB, 0x3CFB, 0x44FB, 0x34DB, 0x8599, 0xB618,
        0xB618, 0x8599, 0x34DB, 0x44FB, 0x3CFB, 0x3CFB, 0x3CFB, 0x3CFB, 0x3CFB, 0x3CFB, 0x3CFB, 0x3CFB,
        0x3CFB, 0x3CFB, 0x3CFB, 0x3CFB, 0x3CDB, 0x453D, 0x3CFB, 0x3CFB, 0x5555, 0x07FF, 0x0000, 0x0000,
        0x0000, 0x0000, 0x555F, 0x0000, 0x3CDB, 0x455D, 0x3CFB, 0x3CFB, 0x3CFB, 0x3CFB, 0x3CFB, 0x3CFB,
        0x3CFB, 0x3CFB, 0x3CFB, 0x3CFB, 0x3CFB, 0x3CFB, 0x3CFB, 0x3CFB, 0x44FB, 0x34DB, 0x8599, 0xB618,
        0xB618, 0x8599, 0x34DB, 0x44FB, 0x3CFB, 0x3CFB, 0x3CFB, 0x3CFB, 0x3CFB, 0x3CFB, 0x3CFB, 0x3CFB,
        0x3CFB, 0x3CFB, 0x3CFB, 0x3CFB, 0x3CFB, 0x3CFB, 0x455D, 0x3CDB, 0x0000, 0x555F, 0x0000, 0x0000,
        0x0000, 0x7FFF, 0x001F, 0x3CFB, 0x451C, 0x3CFB, 0x3CFB, 0x3CFB, 0x3CFB, 0x3CFB, 0x3CFB, 0x3CFB,
        0x3CFB, 0x3CFB, 0x3CFB, 0x3CFB, 0x3CFB, 0x3CFB, 0x3CFB, 0x3CFB, 0x3CFB, 0x34DB, 0x8599, 0xB618,
        0xB618, 0x8599, 0x34DB, 0x3CFB, 0x3CFB, 0x3CFB, 0x3CFB, 0x3CFB, 0x3CFB, 0x3CFB, 0x3CFB, 0x3CFB,
        0x3CFB, 0x3CFB, 0x3CFB, 0x3CFB, 0x3CFB, 0x3CFB, 0x3CFB, 0x451C, 0x3CFB, 0x001F, 0x7FFF, 0x0000,
        0x0000, 0x5555, 0x0000, 0x3CFB, 0x453D, 0x3CFB, 0x3CFB, 0x3CFB, 0x3CFB, 0x3CFB, 0x3CFB, 0x3CFB,
        0x3CFB, 0x3CFB, 0x3CFB, 0x3CFB, 0x3CFB, 0x3CFB, 0x44FB, 0x3CDB, 0x553B, 0x9DFA, 0xBE5A, 0xBE7A,
        0xBE7A, 0xBE5A, 0x9DFA, 0x553B, 0x3CDB, 0x44FB, 0x3CFB, 0x3CFB, 0x3CFB, 0x3CFB, 0x3CFB, 0x3CFB,
        0x3CFB, 0x3CFB, 0x3CFB, 0x3CFB, 0x3CFB, 0x3CFB, 0x3CFB, 0x453D, 0x3CFB, 0x0000, 0x5555, 0x0000,
        0x5555, 0x0000, 0x3CFB, 0x3D1C, 0x3CFB, 0x3CFB, 0x3CFB, 0x3CFB, 0x3CFB, 0x3CFB, 0x3CFB, 0x3CFB,
        0x3CFB, 0x3CFB, 0x44FB, 0x44FB, 0x3CFB, 0x3CFB, 0x34DB, 0x5D3B, 0xBE7A, 0xC67A, 0xBE7A, 0xBE7A,
        0xBE7A, 0xBE7A, 0xC67A, 0xBE7A, 0x5D3B, 0x34DB, 0x3CFB, 0x3CFB, 0x44FB, 0x44FB, 0x3CFB, 0x3CFB,
        0x3CFB, 0x3CFB, 0x3CFB, 0x3CFB, 0x3CFB, 0x3CFB, 0x3CFB, 0x3CFB, 0x3D1C, 0x3CFB, 0x0000, 0x5555,
        0x3DF7, 0x0000, 0x3CFB, 0x455D, 0x3CFB, 0x3CFB, 0x3CFB, 0x3CFB, 0x3CFB, 0x3CFB, 0x3CFB, 0x3CFB,
        0x44FB, 0x3CFB, 0x34DB, 0x34DB, 0x44FB, 0x4D1B, 0x44FB, 0x9E1A, 0xC69A, 0xBE7A, 0xBE7A, 0xBE7A,
        0xBE7A, 0xBE7A, 0xBE7A, 0xC69A, 0x9E1A, 0x44FB, 0x4D1B, 0x44FB, 0x34DB, 0x34DB, 0x3CFB, 0x44FB,
        0x3CFB, 0x3CFB, 0x3CFB, 0x3CFB, 0x3CFB, 0x3CFB, 0x3CFB, 0x3CFB, 0x455D, 0x3CFB, 0x0000, 0x3DF7,
        0x0000, 0x3D5D, 0x3CFB, 0x3D1C, 0x3CFB, 0x3CFB, 0x3CFB, 0x3CFB, 0x3CFB, 0x3CFB, 0x3CFB, 0x44FB,
        0x34DB, 0x3CFB, 0x75BC, 0xAE7C, 0xC6DC, 0xCEDC, 0xCEFC, 0xD6FC, 0xD6FC, 0xD6FC, 0xD6FC, 0xD6FC,
        0xD6FC, 0xD6FC, 0xD6FC, 0xD6FC, 0xD6FC, 0xCEFC, 0xCEDC, 0xC6DC, 0xAE7C, 0x75BC, 0x3CFB, 0x34DB,
        0x44FB, 0x3CFB, 0x3CFB, 0x3CFB, 0x3CFB, 0x3CFB, 0x3CFB, 0x3CFB, 0x3D1C, 0x3CFB, 0x3CBA, 0x0000,
        0x0000, 0x3CFB, 0x453D, 0x3CFB, 0x3CFB, 0x3CFB, 0x3CFB, 0x3CFB, 0x3CFB, 0x3CFB, 0x44FB, 0x34DB,
        0x5D5B, 0xBEBC, 0xE73C, 0xE73C, 0xDF1C, 0xDF1C, 0xDF1C, 0xDF1C, 0xDF1C, 0xDF1C, 0xDF1C, 0xDF1C,
        0xDF1C, 0xDF1C, 0xDF1C, 0xDF1C, 0xDF1C, 0xDF1C, 0xDF1C, 0xDF1C, 0xE73C, 0xE73C, 0xBEBC, 0x5D5B,
        0x34DB, 0x44FB, 0x3CFB, 0x3CFB, 0x3CFB, 0x3CFB, 0x3CFB, 0x3CFB, 0x3CFB, 0x453D, 0x3CFB, 0x0000,
        0x0000, 0x3CFB, 0x455D, 0x3CFB, 0x3CFB, 0x3CFB, 0x3CFB, 0x3CFB, 0x3CFB, 0x3CFB, 0x34DB, 0x657B,
        0xD71C, 0xE73C, 0xD71C, 0xD6FC, 0xD6FC, 0xDF1C, 0xDF1C, 0xDF1C, 0xDF1C, 0xDF1C, 0xDF1C, 0xDF1C,
        0xDF1C, 0xDF1C, 0xDF1C, 0xDF1C, 0xDF1C, 0xDF1C, 0xDF1C, 0xD6FC, 0xD6FC, 0xD71C, 0xE73C, 0xD71C,
        0x657B, 0x34DB, 0x3CFB, 0x3CFB, 0x3CFB, 0x3CFB, 0x3CFB, 0x3CFB, 0x3CFB, 0x455D, 0x3CFB, 0x0000,
        0x0000, 0x3CFB, 0x453D, 0x3CFB, 0x3CFB, 0x3CFB, 0x3CFB, 0x3CDB, 0x3CFB, 0x44FB, 0x553B, 0xCEFC,
        0xDF1C, 0xD71C, 0xD6FC, 0xDF5D, 0xE77D, 0xD6FC, 0xCEBB, 0xCEBB, 0xCEBB, 0xCEBB, 0xCEBB, 0xCEBB,
        0xCEBB, 0xCEBB, 0xCEBB, 0xCEBB, 0xCEBB, 0xCEBB, 0xD6FC, 0xE75D, 0xDF5D, 0xD6FC, 0xD71C, 0xDF1C,
        0xCEFC, 0x553B, 0x44FB, 0x3CFB, 0x3CDB, 0x3CFB, 0x3CFB, 0x3CFB, 0x3CFB, 0x453D, 0x3CFB, 0x0000,
        0x3C78, 0x3CFB, 0x451C, 0x3CFB, 0x3CFB, 0x3CFB, 0x3CDB, 0x5D3B, 0xA61A, 0xB63A, 0xCEBB, 0xDF1C,
        0xD71C, 0xD6FC, 0xE75D, 0xB619, 0x63B0, 0x328C, 0x2A4B, 0x2A4B, 0x2A4B, 0x2A4B, 0x2A4B, 0x2A4B,
        0x2A4B, 0x2A4B, 0x2A4B, 0x2A4B, 0x2A4B, 0x2A4B, 0x328C, 0x63B0, 0xB619, 0xE75D, 0xD6FC, 0xD71C,
        0xDF1C, 0xCEBB, 0xB63A, 0xA61A, 0x5D3B, 0x3CDB, 0x3CFB, 0x3CFB, 0x3CFB, 0x451C, 0x3CFB, 0x3CFB,
        0x44FB, 0x3CFB, 0x3CFC, 0x3CFB, 0x3CFB, 0x3CFB, 0x4D1B, 0xBE5A, 0xC67A, 0xC67A, 0xDF1C, 0xDF1C,
        0xD6FC, 0xE75D, 0x9515, 0x19A9, 0x1188, 0x19A9, 0x19C9, 0x19C9, 0x19C9, 0x19C9, 0x19C9, 0x19C9,
        0x19C9, 0x19C9, 0x19C9, 0x19C9, 0x19C9, 0x19C9, 0x19A9, 0x1188, 0x19A9, 0x9515, 0xE75D, 0xD6FC,
        0xDF1C, 0xDF1C, 0xC67A, 0xC67A, 0xBE5A, 0x4D1B, 0x3CFB, 0x3CFB, 0x3CFB, 0x3CFC, 0x3CFB, 0x3CFA,
        0x3CFB, 0x3CFB, 0x3CFB, 0x3CFB, 0x44FB, 0x34DB, 0x85BA, 0xCE9A, 0xB65A, 0xC69A, 0xDF1C, 0xD6FC,
        0xE75D, 0xADB8, 0x1189, 0x19CA, 0x21EA, 0x21CA, 0x21EA, 0x21EA, 0x21EA, 0x21EA, 0x21EA, 0x21EA,
        0x21EA, 0x21EA, 0x21EA, 0x21EA, 0x21EA, 0x21EA, 0x21CA, 0x21EA, 0x19CA, 0x1189, 0xADB8, 0xE75D,
        0xD6FC, 0xDF1C, 0xC69A, 0xB65A, 0xCE9A, 0x85BA, 0x34DB, 0x44FB, 0x3CFB, 0x3CFB, 0x3CFB, 0x3CDB,
        0x3CDB, 0x3CFB, 0x3CFB, 0x3CFB, 0x44FB, 0x34DB, 0x8DDA, 0xC69A, 0xBE5A, 0xC6BB, 0xDF1C, 0xD71C,
        0xDF3D, 0x4B0E, 0x1189, 0x21EA, 0x19A9, 0x21EA, 0x19C9, 0x21C9, 0x21CA, 0x21CA, 0x21CA, 0x21CA,
        0x21CA, 0x21CA, 0x21CA, 0x21CA, 0x21C9, 0x19C9, 0x21EA, 0x19A9, 0x21EA, 0x1189, 0x4B0E, 0xDF3D,
        0xD71C, 0xDF1C, 0xC6BB, 0xBE5A, 0xC69A, 0x8DDA, 0x34DB, 0x44FB, 0x3CFB, 0x3CFB, 0x3CFB, 0x3CFB,
        0x3CFB, 0x3CFB, 0x3CFB, 0x3CFB, 0x44FB, 0x34DB, 0x8DDA, 0xC69A, 0xBE5A, 0xCEBB, 0xDF1C, 0xDF3D,
        0xC67A, 0x21EA, 0x21CA, 0x19A9, 0x2B52, 0x3CDB, 0x33B4, 0x21CA, 0x21CA, 0x21EA, 0x21EA, 0x21CA,
        0x21CA, 0x21EA, 0x21EA, 0x21CA, 0x21CA, 0x33B4, 0x3CDB, 0x2B52, 0x19A9, 0x21CA, 0x21EA, 0xC67A,
        0xDF3D, 0xDF1C, 0xCEBB, 0xBE5A, 0xC69A, 0x8DDA, 0x34DB, 0x44FB, 0x3CFB, 0x3CFB, 0x3CFB, 0x3CFB,
        0x44FB, 0x3CFB, 0x3CFB, 0x3CFB, 0x44FB, 0x34DB, 0x8DDA, 0xC69A, 0xBE5A, 0xCEBB, 0xDF1C, 0xE75D,
        0xB5F8, 0x19A9, 0x21CA, 0x220B, 0x3CDB, 0x3D1C, 0x453D, 0x226D, 0x19A9, 0x19C9, 0x1988, 0x21CA,
        0x21CA, 0x1988, 0x19C9, 0x19A9, 0x226D, 0x453D, 0x3D1C, 0x3CDB, 0x220B, 0x21CA, 0x19C9, 0xB5F8,
        0xE75D, 0xDF1C, 0xCEBB, 0xBE5A, 0xC69A, 0x8DDA, 0x34DB, 0x44FB, 0x3CFB, 0x3CFB, 0x3CFB, 0x3CDB,
        0x3D1B, 0x3CFB, 0x3CFC, 0x3CFB, 0x44FB, 0x34DB, 0x8DDA, 0xC69A, 0xBE5A, 0xCEBB, 0xDF1C, 0xDF3D,
        0xBE39, 0x21CA, 0x21CA, 0x21C9, 0x33D5, 0x453D, 0x3C58, 0x220B, 0x19A9, 0x224C, 0x3373, 0x21EA,
        0x21EA, 0x3373, 0x224C, 0x19A9, 0x220B, 0x3C58, 0x453D, 0x33D5, 0x21C9, 0x21CA, 0x21CA, 0xBE39,
        0xDF3D, 0xDF1C, 0xCEBB, 0xBE5A, 0xC69A, 0x8DDA, 0x34DB, 0x44FB, 0x3CFB, 0x3CFC, 0x3CFB, 0x3CFA,
        0x3CFB, 0x3CFB, 0x451C, 0x3CFB, 0x44FB, 0x34DB, 0x8DDA, 0xC69A, 0xBE5A, 0xCEBB, 0xDF1C, 0xDF1C,
        0xDF1C, 0x3AAC, 0x19A9, 0x21CA, 0x21CA, 0x228D, 0x21EA, 0x19C9, 0x19A9, 0x2ACF, 0x457E, 0x3CBA,
        0x3CBA, 0x457E, 0x2ACF, 0x19A9, 0x19C9, 0x21EA, 0x228D, 0x21CA, 0x21CA, 0x19A9, 0x3AAC, 0xDF1C,
        0xDF1C, 0xDF1C, 0xCEBB, 0xBE5A, 0xC69A, 0x8DDA, 0x34DB, 0x44FB, 0x3CFB, 0x451C, 0x3CFB, 0x3CFB,
        0x0000, 0x3CFB, 0x453D, 0x3CFB, 0x44FB, 0x34DB, 0x85DA, 0xC69A, 0xBE5A, 0xC69A, 0xDF1C, 0xD6FC,
        0xE77D, 0x9515, 0x0968, 0x21EA, 0x21EA, 0x19A9, 0x21CA, 0x21EA, 0x21EA, 0x19C9, 0x2ACF, 0x3C58,
        0x3C58, 0x2AF0, 0x19C9, 0x21EA, 0x21EA, 0x21CA, 0x19A9, 0x21EA, 0x21EA, 0x0968, 0x9515, 0xE77D,
        0xD6FC, 0xDF1C, 0xC69A, 0xBE5A, 0xC69A, 0x85DA, 0x34DB, 0x44FB, 0x3CFB, 0x453D, 0x3CFB, 0x0000,
        0x0000, 0x3CFB, 0x455D, 0x3CFB, 0x3CFB, 0x3CDB, 0x5D5B, 0xC67A, 0xBE7A, 0xBE7A, 0xD71C, 0xDF1C,
        0xD71C, 0xDF5D, 0x6BF1, 0x0968, 0x19A9, 0x21EA, 0x21EA, 0x21EA, 0x21EA, 0x21EA, 0x19A9, 0x21C9,
        0x21C9, 0x19A9, 0x21EA, 0x21EA, 0x21EA, 0x21EA, 0x21EA, 0x19A9, 0x0968, 0x6BF1, 0xDF5D, 0xD71C,
        0xDF1C, 0xD71C, 0xBE7A, 0xBE7A, 0xC67A, 0x5D5B, 0x3CDB, 0x3CFB, 0x3CFB, 0x455D, 0x3CFB, 0x0000,
        0x0000, 0x3CFB, 0x453D, 0x3CFB, 0x3CFB, 0x3CFB, 0x3CDB, 0x759B, 0xBE5A, 0xBE7A, 0xD6FB, 0xDF1C,
        0xD71C, 0xDF1C, 0xDF5D, 0x9515, 0x3A8C, 0x19CA, 0x19A9, 0x19A9, 0x19A9, 0x19A9, 0x19A9, 0x19A9,
        0x19A9, 0x19A9, 0x19A9, 0x19A9, 0x19A9, 0x19A9, 0x19CA, 0x3A8C, 0x9515, 0xDF5D, 0xDF1C, 0xD71C,
        0xDF1C, 0xD6FB, 0xBE7A, 0xBE5A, 0x759B, 0x3CDB, 0x3CFB, 0x3CFB, 0x3CFB, 0x453D, 0x3CFB, 0x0000,
        0x0000, 0x3CBA, 0x3CFB, 0x3D1C, 0x3CFB, 0x3CFB, 0x3CFB, 0x34DB, 0x4D1B, 0x553B, 0x6D9B, 0xDF1C,
        0xDF1C, 0xD71C, 0xD71C, 0xE77D, 0xD71C, 0xBE39, 0xADD8, 0xADD8, 0xADD8, 0xADD8, 0xADD8, 0xADD8,
        0xADD8, 0xADD8, 0xADD8, 0xADD8, 0xADD8, 0xADD8, 0xBE39, 0xD71C, 0xE77D, 0xD71C, 0xD71C, 0xDF1C,
        0xDF1C, 0x6D9B, 0x553B, 0x4D1B, 0x34DB, 0x3CFB, 0x3CFB, 0x3CFB, 0x3D1C, 0x3CFB, 0x451C, 0x0000,
        0x3DF7, 0x0000, 0x3CFB, 0x455D, 0x3CFB, 0x3CFB, 0x3CFB, 0x44FB, 0x3CFB, 0x3CDB, 0x34BB, 0x7DDC,
        0xE73C, 0xDF1C, 0xD71C, 0xD6FC, 0xDF1C, 0xDF3D, 0xE75D, 0xE75D, 0xE75D, 0xE75D, 0xE75D, 0xE75D,
        0xE75D, 0xE75D, 0xE75D, 0xE75D, 0xE75D, 0xE75D, 0xDF3D, 0xDF1C, 0xD6FC, 0xD71C, 0xDF1C, 0xE73C,
        0x7DDC, 0x34BB, 0x3CDB, 0x3CFB, 0x44FB, 0x3CFB, 0x3CFB, 0x3CFB, 0x455D, 0x3CFB, 0x0000, 0x3DF7,
        0x5555, 0x0000, 0x3CFB, 0x3D1C, 0x3CFB, 0x3CFB, 0x3CFB, 0x3CFB, 0x3CFB, 0x3CFB, 0x44FB, 0x34DB,
        0x7DBC, 0xD71C, 0xE73C, 0xDF1C, 0xDF1C, 0xD6FC, 0xD6FC, 0xD6FC, 0xD6FC, 0xD6FC, 0xD6FC, 0xD6FC,
        0xD6FC, 0xD6FC, 0xD6FC, 0xD6FC, 0xD6FC, 0xD6FC, 0xD6FC, 0xDF1C, 0xDF1C, 0xE73C, 0xD71C, 0x7DBC,
        0x34DB, 0x44FB, 0x3CFB, 0x3CFB, 0x3CFB, 0x3CFB, 0x3CFB, 0x3CFB, 0x3D1C, 0x3CFB, 0x0000, 0x5555,
        0x0000, 0x5555, 0x0000, 0x3CFB, 0x453D, 0x3CFB, 0x3CFB, 0x3CFB, 0x3CFB, 0x3CFB, 0x3CFB, 0x44FB,
        0x34DB, 0x553B, 0x9E3C, 0xCEDC, 0xDF1C, 0xDF1C, 0xDF1C, 0xDF1C, 0xDF1C, 0xDF1C, 0xDF1C, 0xDF1C,
        0xDF1C, 0xDF1C, 0xDF1C, 0xDF1C, 0xDF1C, 0xDF1C, 0xDF1C, 0xDF1C, 0xCEDC, 0x9E3C, 0x553B, 0x34DB,
        0x44FB, 0x3CFB, 0x3CFB, 0x3CFB, 0x3CFB, 0x3CFB, 0x3CFB, 0x453D, 0x3CDB, 0x0000, 0x5555, 0x0000,
        0x0000, 0x7BFF, 0x001F, 0x3CFB, 0x451C, 0x3CFB, 0x3CFB, 0x3CFB, 0x3CFB, 0x3CFB, 0x3CFB, 0x3CFB,
        0x44FB, 0x3CDB, 0x34DB, 0x44FB, 0x5D5B, 0x657B, 0x657B, 0x657B, 0x657B, 0x657B, 0x657B, 0x657B,
        0x657B, 0x657B, 0x657B, 0x657B, 0x657B, 0x657B, 0x657B, 0x5D5B, 0x44FB, 0x34DB, 0x3CDB, 0x44FB,
        0x3CFB, 0x3CFB, 0x3CFB, 0x3CFB, 0x3CFB, 0x3CFB, 0x3CFB, 0x451C, 0x3CFB, 0x001F, 0x7BFF, 0x0000,
        0x0000, 0x0000, 0x555F, 0x0000, 0x3CFB, 0x455D, 0x3CDB, 0x3CFB, 0x3CFB, 0x3CFB, 0x3CFB, 0x3CFB,
        0x3CFB, 0x3CFB, 0x44FB, 0x3CFB, 0x3CDB, 0x34DB, 0x34DB, 0x34DB, 0x34DB, 0x34DB, 0x34DB, 0x34DB,
        0x34DB, 0x34DB, 0x34DB, 0x34DB, 0x34DB, 0x34DB, 0x34DB, 0x3CDB, 0x3CFB, 0x44FB, 0x3CFB, 0x3CFB,
        0x3CFB, 0x3CFB, 0x3CFB, 0x3CFB, 0x3CFB, 0x3CFB, 0x455D, 0x3CFB, 0x0000, 0x555F, 0x0000, 0x0000,
        0x0000, 0x0000, 0x07FF, 0x5555, 0x3CFB, 0x3CFB, 0x453C, 0x3CFB, 0x3CFB, 0x3CFB, 0x3CFB, 0x3CFB,
        0x3CFB, 0x3CFB, 0x3CFB, 0x3CFB, 0x3CFB, 0x44FB, 0x44FB, 0x44FB, 0x44FB, 0x44FB, 0x44FB, 0x44FB,
        0x44FB, 0x44FB, 0x44FB, 0x44FB, 0x44FB, 0x44FB, 0x44FB, 0x3CFB, 0x3CFB, 0x3CFB, 0x3CFB, 0x3CFB,
        0x3CFB, 0x3CFB, 0x3CFB, 0x3CFB, 0x3CFB, 0x453D, 0x3CFB, 0x3CFB, 0x5555, 0x07FF, 0x0000, 0x0000,
        0x0000, 0x0000, 0x0000, 0x5555, 0x0000, 0x3CDB, 0x3D1C, 0x3CFB, 0x3CFB, 0x3CFB, 0x3CFB, 0x3CFB,
        0x3CFB, 0x3CFB, 0x3CFB, 0x3CFB, 0x3CFB, 0x3CFB, 0x3CFB, 0x3CFB, 0x3CFB, 0x3CFB, 0x3CFB, 0x3CFB,
        0x3CFB, 0x3CFB, 0x3CFB, 0x3CFB, 0x3CFB, 0x3CFB, 0x3CFB, 0x3CFB, 0x3CFB, 0x3CFB, 0x3CFB, 0x3CFB,
        0x3CFB, 0x3CFB, 0x3CFB, 0x3CFB, 0x3D1C, 0x451C, 0x3CDB, 0x0000, 0x7BFF, 0x0000, 0x0000, 0x0000,
        0x0000, 0x0000, 0x0000, 0x555F, 0x03EF, 0x3CFB, 0x451C, 0x3CFB, 0x3CFB, 0x3CFB, 0x3CFB, 0x3CFB,
        0x3CFB, 0x3CFB, 0x3CFB, 0x3CFB, 0x3CFB, 0x3CFB, 0x3CFB, 0x3CFB, 0x3CFB, 0x3CFB, 0x3CFB, 0x3CFB,
        0x3CFB, 0x3CFB, 0x3CFB, 0x3CFB, 0x3CFB, 0x3CFB, 0x3CFB, 0x3CFB, 0x3CFB, 0x3CFB, 0x3CFB, 0x3CFB,
        0x3CFB, 0x3CFB, 0x3CFB, 0x3CFB, 0x451C, 0x3CBA, 0x0000, 0x555F, 0x0000, 0x0000, 0x0000, 0x0000,
        0x0000, 0x0000, 0x0000, 0x555F, 0x0000, 0x3CDB, 0x453D, 0x3CFB, 0x3CFB, 0x3CFB, 0x3CFB, 0x3CFB,
        0x3CFB, 0x3CFB, 0x3CFB, 0x3CFB, 0x3CFB, 0x3CFB, 0x3CFB, 0x3CFB, 0x3CFB, 0x3CFB, 0x3CFB, 0x3CFB,
        0x3CFB, 0x3CFB, 0x3CFB, 0x3CFB, 0x3CFB, 0x3CFB, 0x3CFB, 0x3CFB, 0x3CFB, 0x3CFB, 0x3CFB, 0x3CFB,
        0x3CFB, 0x3CDB, 0x3D1C, 0x451C, 0x3CDB, 0x0000, 0x3BF7, 0x0000, 0x0000, 0x0000, 0x0000, 0x0000,
        0x0000, 0x0000, 0x7BFF, 0x07FF, 0x3CFB, 0x3D1C, 0x3CFB, 0x3CFB, 0x3CFB, 0x3CFB, 0x3CFB, 0x3CFB,
        0x3CFB, 0x3CFB, 0x3CFB, 0x3CFB, 0x3CFB, 0x3CFB, 0x3CFB, 0x3CFB, 0x3CFB, 0x3CFB, 0x3CFB, 0x3CFB,
        0x3CFB, 0x3CFB, 0x3CFB, 0x3CFB, 0x3CFB, 0x3CFB, 0x3CFB, 0x3CFB, 0x3CFB, 0x3CFB, 0x3CFB, 0x3CFB,
        0x3CFB, 0x453D, 0x3D1C, 0x3CDB, 0x0000, 0x3BFF, 0x0000, 0x0000, 0x0000, 0x0000, 0x0000, 0x0000,
        0x0000, 0x0000, 0x3BF7, 0x0000, 0x3CDB, 0x453D, 0x3CFB, 0x3CFB, 0x3CFB, 0x3CFB, 0x3CFB, 0x451C,
        0x3CFB, 0x3CFB, 0x3CFB, 0x3CFB, 0x3CFB, 0x3CFB, 0x3CFB, 0x3CFB, 0x3CFB, 0x3CFB, 0x3CFB, 0x3CFB,
        0x3CFB, 0x3CFB, 0x3CFB, 0x3CFB, 0x3CFB, 0x3CFB, 0x3CFB, 0x3CFB, 0x3CFB, 0x3CFB, 0x3CFB, 0x3CFB,
        0x455D, 0x451C, 0x3CDA, 0x0000, 0x3BF7, 0x0000, 0x0000, 0x0000, 0x0000, 0x0000, 0x0000, 0x0000,
        0x0000, 0x555F, 0x0000, 0x3CDB, 0x451C, 0x3CFB, 0x3CFB, 0x3CFB, 0x3D1C, 0x453D, 0x453D, 0x3CFB,
        0x3CFB, 0x455D, 0x3CFB, 0x3CFB, 0x3CFB, 0x3CFB, 0x3CFB, 0x3CFB, 0x3CFB, 0x3CFB, 0x3CFB, 0x3CFB,
        0x3CFB, 0x3CFB, 0x3CFB, 0x3CFB, 0x3CFB, 0x3CFB, 0x3CFB, 0x3CFB, 0x3CFB, 0x3CFB, 0x453D, 0x3D1C,
        0x3D1C, 0x3C78, 0x0000, 0x3BF7, 0x0000, 0x0000, 0x0000, 0x0000, 0x0000, 0x0000, 0x0000, 0x0000,
        0x7BFF, 0x001F, 0x3CFB, 0x3D1C, 0x455E, 0x453D, 0x455D, 0x451C, 0x3CFC, 0x451C, 0x3CFC, 0x34D9,
        0x3CFB, 0x3D1C, 0x3D1C, 0x455D, 0x3D1C, 0x3CFB, 0x3CFB, 0x3CFB, 0x3CFB, 0x3CFB, 0x3CFB, 0x3CFB,
        0x3CFB, 0x3CFB, 0x3CFB, 0x3CFB, 0x3CFB, 0x3CFB, 0x3CFB, 0x3D1C, 0x455D, 0x3CFC, 0x451C, 0x3CFB,
        0x0000, 0x0000, 0x7BFF, 0x0000, 0x0000, 0x0000, 0x0000, 0x0000, 0x0000, 0x0000, 0x0000, 0x0000,
        0x7BFF, 0x0000, 0x3CDB, 0x451C, 0x3CFB, 0x3CFB, 0x3CFC, 0x451C, 0x455C, 0x0000, 0x0000, 0x0000,
        0x0000, 0x0000, 0x3D1C, 0x3D1C, 0x3CFC, 0x453D, 0x455D, 0x453D, 0x451C, 0x3CFC, 0x3CFB, 0x3CFB,
        0x3CFB, 0x3CFB, 0x3CFC, 0x451C, 0x453D, 0x455D, 0x453D, 0x3CFC, 0x3CFC, 0x451C, 0x0000, 0x0000,
        0x555F, 0x001F, 0x0000, 0x0000, 0x0000, 0x0000, 0x0000, 0x0000, 0x0000, 0x0000, 0x0000, 0x0000,
        0x0000, 0x0000, 0x0000, 0x0000, 0x0000, 0x0000, 0x0000, 0x0000, 0x0000, 0x7FFF, 0x555F, 0x001F,
        0x03FF, 0x7BFF, 0x0000, 0x0000, 0x3CFD, 0x451C, 0x3D1C, 0x3CFB, 0x3CFB, 0x3CFB, 0x3CFB, 0x3CFB,
        0x3CFB, 0x3CFB, 0x3CFB, 0x3CFB, 0x3CFB, 0x3D1C, 0x451C, 0x3CFD, 0x0000, 0x0000, 0x7BFF, 0x7BFF,
        0x0000, 0x0000, 0x0000, 0x0000, 0x0000, 0x0000, 0x0000, 0x0000, 0x0000, 0x0000, 0x0000, 0x0000,
        0x0000, 0x0000, 0x07FF, 0x3DFF, 0x3DFF, 0x3DFF, 0x3DFF, 0x555F, 0x07FF, 0x0000, 0x0000, 0x0000,
        0x0000, 0x0000, 0x7FFF, 0x3BF7, 0x0000, 0x0000, 0x0000, 0x0000, 0x3D5C, 0x3D1B, 0x44FB, 0x3CFB,
        0x3CFB, 0x44FB, 0x3D1B, 0x3D5C, 0x0000, 0x0000, 0x0000, 0x0000, 0x3BF7, 0x7FFF, 0x0000, 0x0000,
        0x0000, 0x0000, 0x0000, 0x0000, 0x0000, 0x0000, 0x0000, 0x0000, 0x0000, 0x0000, 0x0000, 0x0000,
    },
    // settings
    {
        0x0000, 0x0000, 0x0000, 0x0000, 0x0000, 0x0000, 0x0000, 0x0000, 0x0000, 0x0000, 0x0000, 0x7BEF,
        0x5555, 0x0000, 0x0000, 0x74B7, 0x6C97, 0x6C97, 0x74B8, 0x6C76, 0x0000, 0x7BF7, 0x0000, 0x0000,
        0x0000, 0x0000, 0x3BF7, 0x0000, 0x5BB3, 0x5C15, 0x5BD4, 0x5BF4, 0x5BD3, 0x0000, 0x0000, 0x52B5,
        0x7BEF, 0x0000, 0x0000, 0x0000, 0x0000, 0x0000, 0x0000, 0x0000, 0x0000, 0x0000, 0x0000, 0x0000,
        0x0000, 0x0000, 0x0000, 0x0000, 0x0000, 0x0000, 0x0000, 0x0000, 0x0000, 0x0000, 0x07FF, 0x0000,
        0x0000, 0x6C97, 0x7497, 0x6C97, 0x74B8, 0x74B8, 0x6CB7, 0x6CB7, 0x6C56, 0x0000, 0x5555, 0x0000,
        0x0000, 0x52B5, 0x0000, 0x53B3, 0x5BF4, 0x5BF4, 0x5BF5, 0x5BF5, 0x5BF4, 0x5BF4, 0x53D4, 0x0000,
        0x0000, 0x001F, 0x0000, 0x0000, 0x0000, 0x0000, 0x0000, 0x0000, 0x0000, 0x0000, 0x0000, 0x0000,
        0x0000, 0x0000, 0x0000, 0x0000, 0x0000, 0x0000, 0x0000, 0x0000, 0x0000, 0x07FF, 0x0000, 0x6C76,
        0x6C97, 0x6C97, 0x74D8, 0x6C97, 0x6C96, 0x6C96, 0x6C76, 0x74B7, 0x6C97, 0x6C56, 0x0000, 0x64D9,
        0x6333, 0x0000, 0x5BB3, 0x5BF4, 0x5BF4, 0x5BD4, 0x53D4, 0x53D4, 0x5BF4, 0x5C15, 0x5BF4, 0x5BF4,
        0x53B3, 0x0000, 0x07FF, 0x0000, 0x0000, 0x0000, 0x0000, 0x0000, 0x0000, 0x0000, 0x0000, 0x0000,
        0x0000, 0x0000, 0x0000, 0x0000, 0x0000, 0x0000, 0x0000, 0x0000, 0x5555, 0x0000, 0x6C97, 0x74B7,
        0x74D8, 0x6C97, 0x6C96, 0x6C76, 0x6C97, 0x6C97, 0x6C97, 0x6C76, 0x74D8, 0x6C97, 0x7475, 0x0000,
        0x0000, 0x5BF3, 0x5BD4, 0x5C15, 0x5BD3, 0x5BD4, 0x5BD4, 0x5BD4, 0x5BD4, 0x5BD4, 0x5BD4, 0x5C15,
        0x5BF4, 0x53D3, 0x0000, 0x52AA, 0x0000, 0x0000, 0x0000, 0x0000, 0x0000, 0x0000, 0x0000, 0x0000,
        0x0000, 0x0000, 0x0000, 0x0000, 0x0000, 0x0000, 0x0000, 0x0000, 0x5555, 0x0000, 0x6C97, 0x74D8,
        0x6C76, 0x6C97, 0x6C97, 0x6C97, 0x6C97, 0x6C97, 0x6C97, 0x6C97, 0x6C76, 0x74B8, 0x6C77, 0x6C96,
        0x5BD4, 0x5BD4, 0x5C15, 0x5BD4, 0x5BD4, 0x5BD4, 0x5BD4, 0x5BD4, 0x5BD4, 0x5BD4, 0x5BD4, 0x5BD4,
        0x5C15, 0x5BD4, 0x0000, 0x5555, 0x0000, 0x0000, 0x0000, 0x0000, 0x0000, 0x0000, 0x0000, 0x0000,
        0x0000, 0x0000, 0x0000, 0x0000, 0x0000, 0x0000, 0x0000, 0x0000, 0x7BFF, 0x0000, 0x6C96, 0x6C97,
        0x6C96, 0x6C97, 0x6C97, 0x6C97, 0x6C97, 0x6C97, 0x6C97, 0x6C97, 0x6C97, 0x6C76, 0x74B7, 0x74D8,
        0x5C15, 0x5BF4, 0x53D4, 0x5BD4, 0x5BD4, 0x5BD4, 0x5BD4, 0x5BD4, 0x5BD4, 0x5BD4, 0x5BD4, 0x5BD4,
        0x5BF4, 0x53D4, 0x0000, 0x7BFF, 0x0000, 0x0000, 0x0000, 0x0000, 0x0000, 0x0000, 0x0000, 0x0000,
        0x0000, 0x0000, 0x0000, 0x0000, 0x0000, 0x0000, 0x0000, 0x0000, 0x7BEF, 0x0000, 0x6C77, 0x6C77,
        0x6C97, 0x6C97, 0x6C97, 0x6C97, 0x6C97, 0x6C97, 0x6C97, 0x6C97, 0x6C97, 0x6C97, 0x6C96, 0x6C76,
        0x5BD4, 0x53D4, 0x5BD4, 0x5BD4, 0x5BD4, 0x5BD4, 0x5BD4, 0x5BD4, 0x5BD4, 0x5BD4, 0x5BD4, 0x5BD4,
        0x5BD4, 0x53D4, 0x0000, 0x7BEF, 0x0000, 0x0000, 0x0000, 0x0000, 0x0000, 0x0000, 0x0000, 0x0000,
        0x0000, 0x0000, 0x0000, 0x0000, 0x0000, 0x0000, 0x0000, 0x0000, 0xFFFF, 0x0000, 0x7476, 0x6C97,
        0x6C97, 0x6C76, 0x6C97, 0x6C97, 0x6C97, 0x6C97, 0x6C97, 0x6C97, 0x6C97, 0x6C97, 0x6C97, 0x6C76,
        0x5BD4, 0x5BD4, 0x5BD4, 0x5BD4, 0x5BD4, 0x5BD4, 0x5BD4, 0x5BD4, 0x5BD4, 0x5BD4, 0x5BD4, 0x5BF4,
        0x5BD4, 0x5BD4, 0x0000, 0x07FF, 0x0000, 0x0000, 0x0000, 0x0000, 0x0000, 0x0000, 0x0000, 0x0000,
        0x0000, 0x0000, 0x0000, 0x52B5, 0x5555, 0x7BFF, 0x7BEF, 0xFFFF, 0x03EF, 0x7BFF, 0x0000, 0x6C76,
        0x6CB7, 0x6C97, 0x6C97, 0x6C97, 0x6C97, 0x6C97, 0x6C97, 0x6C97, 0x6C97, 0x6C97, 0x6C76, 0x6C76,
        0x5BD4, 0x53D4, 0x5BD4, 0x5BD4, 0x5BD4, 0x5BD4, 0x5BD4, 0x5BD4, 0x5BD4, 0x5BD4, 0x53D4, 0x5BF4,
        0x53D3, 0x0000, 0x7BEF, 0x03EF, 0x07FF, 0x7BEF, 0x7BEF, 0x5555, 0x52B5, 0x0000, 0x0000, 0x0000,
        0x0000, 0x0000, 0x07FF, 0x0000, 0x0000, 0x0000, 0x0000, 0x0000, 0x0000, 0x0000, 0x6C76, 0x6CB7,
        0x6C97, 0x6C97, 0x6C97, 0x6C97, 0x6C97, 0x6C97, 0x6C97, 0x6C76, 0x6C76, 0x6C77, 0x6C97, 0x6CB7,
        0x5BF4, 0x5BF4, 0x5BD4, 0x53B3, 0x53B3, 0x5BD4, 0x5BD4, 0x5BD4, 0x5BD4, 0x5BD4, 0x5BD4, 0x5BD4,
        0x5BF4, 0x53D3, 0x0000, 0x0000, 0x0000, 0x0000, 0x0000, 0x0000, 0x0000, 0x07FF, 0x0000, 0x0000,
        0x0000, 0x0000, 0x0000, 0x6C76, 0x74D8, 0x6C77, 0x6C97, 0x6C57, 0x5BF7, 0x6C76, 0x74B7, 0x6C97,
        0x6C76, 0x6C97, 0x6C97, 0x6C97, 0x6C97, 0x6C76, 0x6C97, 0x7CF8, 0x8579, 0x8DBA, 0x95DB, 0x95DB,
        0x8538, 0x7D18, 0x7CF8, 0x74B7, 0x6455, 0x5BD4, 0x53B3, 0x5BD4, 0x5BD4, 0x5BD4, 0x5BD4, 0x5BD4,
        0x5BD4, 0x5BF4, 0x5BD4, 0x4C96, 0x53D3, 0x53F4, 0x5BD4, 0x5BF5, 0x5BD3, 0x0000, 0x0000, 0x0000,
        0x7BFF, 0x07FF, 0x6C96, 0x6C97, 0x74D8, 0x6C97, 0x6C77, 0x6C96, 0x6C76, 0x6C97, 0x6C97, 0x6C76,
        0x6C97, 0x6C97, 0x6C97, 0x6C76, 0x6C97, 0x8539, 0x95DA, 0x9E1B, 0x9E1B, 0x9E1B, 0x9DFB, 0x95FB,
        0x8559, 0x8539, 0x8559, 0x8559, 0x8559, 0x7D18, 0x6C76, 0x5BD4, 0x53D3, 0x5BD4, 0x5BD4, 0x5BD4,
        0x53D4, 0x5BD4, 0x5BD4, 0x5BD4, 0x5BD4, 0x5BD4, 0x5BD4, 0x5C15, 0x5BF4, 0x53D4, 0x001F, 0x7BEF,
        0x5555, 0x0000, 0x6C76, 0x74D8, 0x6C76, 0x6C97, 0x6C97, 0x6C97, 0x6CB7, 0x6C97, 0x6C76, 0x6C97,
        0x6C97, 0x6C97, 0x6C76, 0x74D7, 0x95BA, 0x9E1B, 0x9DFB, 0x95FB, 0x95FB, 0x95FB, 0x95FB, 0x95FB,
        0x8559, 0x8538, 0x8538, 0x8538, 0x8538, 0x8539, 0x8559, 0x7D18, 0x6415, 0x53B3, 0x5BD4, 0x5BD4,
        0x5BD4, 0x5BD4, 0x5BD4, 0x5BF4, 0x5BF4, 0x5BD4, 0x5BD4, 0x5BD4, 0x5C15, 0x5BD3, 0x0000, 0x52B5,
        0x0000, 0x6C97, 0x6CB7, 0x6C97, 0x6C97, 0x6C97, 0x6C97, 0x6C76, 0x6C97, 0x6C97, 0x6C97, 0x6C97,
        0x6C97, 0x6C76, 0x7D18, 0x9DFB, 0x9E1B, 0x95FB, 0x95FB, 0x95FB, 0x95FB, 0x95FB, 0x95FB, 0x95DB,
        0x8539, 0x8538, 0x8538, 0x8538, 0x8538, 0x8538, 0x8538, 0x8559, 0x8539, 0x6455, 0x53B3, 0x5BD4,
        0x5BD4, 0x5BD4, 0x5BD4, 0x53D4, 0x5BD4, 0x5BD4, 0x5BD4, 0x5BD4, 0x5BD4, 0x5BF4, 0x53D4, 0x0000,
        0x0000, 0x6C97, 0x74D8, 0x6C96, 0x6C97, 0x6C97, 0x6C97, 0x6C97, 0x6C97, 0x6C97, 0x6C97, 0x6C97,
        0x6C76, 0x7D18, 0x9E1B, 0x95FB, 0x95FB, 0x95FB, 0x95FB, 0x95FB, 0x95FB, 0x9E1C, 0xA65D, 0xA65D,
        0x8DBA, 0x8D9A, 0x8559, 0x8538, 0x8538, 0x8538, 0x8538, 0x8538, 0x8538, 0x8559, 0x6455, 0x53B3,
        0x5BD4, 0x5BD4, 0x5BD4, 0x5BD4, 0x5BD4, 0x5BD4, 0x5BD4, 0x5BD4, 0x5BD4, 0x5C15, 0x53D4, 0x0000,
        0x6C97, 0x6C77, 0x6C97, 0x6C76, 0x6C97, 0x6C97, 0x6C97, 0x6C97, 0x6C97, 0x6C97, 0x6C97, 0x6C76,
        0x74D7, 0x9DFB, 0x95FB, 0x95FB, 0x95FB, 0x95FB, 0x95FB, 0x9E3C, 0x9E5C, 0x95FB, 0x95FB, 0x95DB,
        0x8558, 0x8538, 0x8538, 0x8D7A, 0x8579, 0x8538, 0x8538, 0x8538, 0x8538, 0x8538, 0x8539, 0x6415,
        0x53D3, 0x5BD4, 0x5BD4, 0x5BD4, 0x5BD4, 0x5BD4, 0x5BD4, 0x5BD4, 0x5BD4, 0x5BF4, 0x5BD4, 0x53D4,
        0x6C76, 0x74B8, 0x6C76, 0x6C97, 0x6C97, 0x6C97, 0x6C97, 0x6C97, 0x6C97, 0x6C97, 0x6C97, 0x6C97,
        0x95BA, 0x9E1B, 0x95FB, 0x95FB, 0x95FB, 0x95FB, 0xA65D, 0x9E1C, 0x9E1C, 0x9E3A, 0x0000, 0x0000,
        0x0000, 0x0000, 0x7D5A, 0x8559, 0x8559, 0x8D9A, 0x8538, 0x8538, 0x8538, 0x8538, 0x8559, 0x7CF8,
        0x5BD4, 0x5BD4, 0x5BD4, 0x5BD4, 0x5BD4, 0x5BD4, 0x5BD4, 0x5BD4, 0x5BD4, 0x53D4, 0x5BF5, 0x5BD4,
        0x6C96, 0x74B8, 0x6C97, 0x6C97, 0x6C97, 0x6C97, 0x6C97, 0x6C97, 0x6C97, 0x6C97, 0x6C76, 0x8539,
        0x9E1B, 0x95FB, 0x95FB, 0x95FB, 0x95FB, 0xA65D, 0x9E1B, 0x7CF7, 0x0000, 0x0000, 0xAD55, 0x7DF7,
        0x7DF7, 0x5555, 0x0000, 0x0000, 0x7CF7, 0x8559, 0x8D9A, 0x8538, 0x8538, 0x8538, 0x8538, 0x8559,
        0x6C76, 0x53B3, 0x5BD4, 0x5BD4, 0x5BD4, 0x5BD4, 0x5BD4, 0x5BD4, 0x5BD4, 0x5BD4, 0x5C15, 0x53D4,
        0x6C96, 0x6CB7, 0x6C76, 0x6C97, 0x6C97, 0x6C97, 0x6C97, 0x6C97, 0x6C97, 0x6C97, 0x6C97, 0x95DA,
        0x9DFB, 0x95FB, 0x95FB, 0x95FB, 0xA65D, 0x9DFB, 0x0000, 0x0000, 0x7DF7, 0x07FF, 0x0000, 0x0000,
        0x0000, 0x0000, 0x001F, 0x7DF7, 0x001F, 0x0000, 0x8538, 0x8D9A, 0x8538, 0x8538, 0x8538, 0x8539,
        0x7D18, 0x5BF4, 0x5BD4, 0x5BD4, 0x5BD4, 0x5BD4, 0x5BD4, 0x5BD4, 0x5BD4, 0x53D4, 0x5BF4, 0x53D4,
        0x6C97, 0x6C97, 0x74B7, 0x6C76, 0x6C97, 0x6C97, 0x6C97, 0x6C97, 0x6C97, 0x6C76, 0x7CF8, 0x9E1B,
        0x95FB, 0x95FB, 0x95FB, 0x9E3C, 0x9DFB, 0x9E7F, 0xAD55, 0x7BFF, 0x0000, 0x0000, 0x0000, 0x0000,
        0x0000, 0x0000, 0x0000, 0x0000, 0x7BEF, 0x5555, 0x9CD9, 0x8539, 0x8579, 0x8538, 0x8538, 0x8538,
        0x8559, 0x6455, 0x53B3, 0x5BD4, 0x5BD4, 0x5BD4, 0x5BD4, 0x5BD4, 0x5BD3, 0x5BF4, 0x5BF4, 0x5BD4,
        0x0000, 0x6C76, 0x6CB7, 0x74D8, 0x6C76, 0x6C97, 0x6C97, 0x6C97, 0x6C97, 0x6C76, 0x8579, 0x9E1B,
        0x95FB, 0x95FB, 0x95FB, 0xA65D, 0x95FB, 0x0000, 0x7DF7, 0x0000, 0x0000, 0x0000, 0x0000, 0x0000,
        0x0000, 0x0000, 0x0000, 0x0000, 0x0000, 0x7DF7, 0x0000, 0x7D38, 0x8D9A, 0x8538, 0x8538, 0x8538,
        0x8559, 0x74B7, 0x53B3, 0x5BD4, 0x5BD4, 0x5BD4, 0x5BD4, 0x5BD4, 0x5C15, 0x5BF4, 0x5BD4, 0x0000,
        0x7BF7, 0x0000, 0x6C56, 0x6C97, 0x74B8, 0x6C96, 0x6C97, 0x6C97, 0x6C97, 0x6C77, 0x8DBA, 0x9E1B,
        0x95FB, 0x95FB, 0x9E1C, 0x95FB, 0x8E3C, 0x07FF, 0x07FF, 0x0000, 0x0000, 0x0000, 0x0000, 0x0000,
        0x0000, 0x0000, 0x0000, 0x0000, 0x0000, 0x001F, 0x07FF, 0x8D58, 0x8538, 0x8559, 0x8538, 0x8538,
        0x8559, 0x7CF8, 0x53D4, 0x5BD4, 0x5BD4, 0x5BD4, 0x53D4, 0x5C15, 0x5BF4, 0x4BB2, 0x0000, 0x3BF7,
        0x0000, 0x5555, 0x0000, 0x6BF5, 0x6C97, 0x74B7, 0x6C96, 0x6C97, 0x6C77, 0x6C97, 0x95DB, 0x9DFB,
        0x95FB, 0x95FB, 0xA65D, 0x95FB, 0x0000, 0xAD55, 0x0000, 0x0000, 0x0000, 0x0000, 0x0000, 0x0000,
        0x0000, 0x0000, 0x0000, 0x0000, 0x0000, 0x0000, 0x5555, 0x0000, 0x8538, 0x8D9A, 0x8538, 0x8538,
        0x8539, 0x7D18, 0x5BF4, 0x53D4, 0x5BD4, 0x53D4, 0x5BF4, 0x5BF4, 0x4BB1, 0x0000, 0x5555, 0x0000,
        0x0000, 0x0000, 0x64D3, 0x0000, 0x6C76, 0x74D8, 0x6C96, 0x6C97, 0x6C76, 0x74B7, 0x95FB, 0x95FB,
        0x95FB, 0x95FB, 0xA65D, 0x95FB, 0x0000, 0x7DF7, 0x0000, 0x0000, 0x0000, 0x0000, 0x0000, 0x0000,
        0x0000, 0x0000, 0x0000, 0x0000, 0x0000, 0x0000, 0x7DF7, 0x0000, 0x8538, 0x8D9A, 0x8538, 0x8538,
        0x8538, 0x7D38, 0x5BF4, 0x53D4, 0x5BD4, 0x5BD4, 0x5C15, 0x5BD4, 0x0000, 0x64D3, 0x0000, 0x0000,
        0x0000, 0x0000, 0x64D3, 0x0000, 0x6C76, 0x74D8, 0x6C96, 0x6C97, 0x6C76, 0x74B7, 0x95FB, 0x9DFB,
        0x95FB, 0x95FB, 0xA65D, 0x95FB, 0x0000, 0x7DF7, 0x0000, 0x0000, 0x0000, 0x0000, 0x0000, 0x0000,
        0x0000, 0x0000, 0x0000, 0x0000, 0x0000, 0x0000, 0x7DF7, 0x0000, 0x8538, 0x8D9A, 0x8538, 0x8538,
        0x8538, 0x7D38, 0x5BF4, 0x53D4, 0x5BD4, 0x5BD4, 0x5C15, 0x5BD4, 0x0000, 0x64D3, 0x0000, 0x0000,
        0x0000, 0x5555, 0x0000, 0x63F3, 0x6C97, 0x74B7, 0x6C97, 0x6C97, 0x6C77, 0x6C97, 0x95DB, 0x9DFB,
        0x95FB, 0x95FB, 0xA65D, 0x95FB, 0x0000, 0xAD55, 0x0000, 0x0000, 0x0000, 0x0000, 0x0000, 0x0000,
        0x0000, 0x0000, 0x0000, 0x0000, 0x0000, 0x0000, 0x5555, 0x0000, 0x8538, 0x8D9A, 0x8538, 0x8538,
        0x8539, 0x7D18, 0x5BF4, 0x53D4, 0x5BD4, 0x5BD4, 0x5BF4, 0x5BD4, 0x4B33, 0x0000, 0x5555, 0x0000,
        0x7BF7, 0x0000, 0x6455, 0x6C97, 0x74B8, 0x6C76, 0x6C97, 0x6C97, 0x6C97, 0x6C76, 0x8DBA, 0x9E1B,
        0x95FB, 0x95FB, 0x9E1C, 0x95FB, 0xAE3C, 0x07FF, 0x07FF, 0x0000, 0x0000, 0x0000, 0x0000, 0x0000,
        0x0000, 0x0000, 0x0000, 0x0000, 0x0000, 0x001F, 0x07FF, 0x7CD9, 0x8538, 0x8559, 0x8538, 0x8538,
        0x8559, 0x7CF8, 0x53D4, 0x5BD4, 0x5BD4, 0x5BD4, 0x53D4, 0x5C15, 0x5BF4, 0x53B3, 0x0000, 0x3BF7,
        0x0000, 0x6C96, 0x6CB7, 0x74D8, 0x6C76, 0x6C97, 0x6C97, 0x6C97, 0x6C97, 0x6C76, 0x8579, 0x9E1B,
        0x95FB, 0x95FB, 0x95FB, 0xA65D, 0x95FB, 0x0000, 0x7DF7, 0x0000, 0x0000, 0x0000, 0x0000, 0x0000,
        0x0000, 0x0000, 0x0000, 0x0000, 0x0000, 0x7DF7, 0x0000, 0x7D38, 0x8D9A, 0x8538, 0x8538, 0x8538,
        0x8559, 0x74B7, 0x53B3, 0x5BD4, 0x5BD4, 0x5BD4, 0x5BD4, 0x5BD4, 0x5C15, 0x5BF4, 0x53D3, 0x0000,
        0x6C96, 0x6C97, 0x74B8, 0x6C76, 0x6C97, 0x6C97, 0x6C97, 0x6C97, 0x6C97, 0x6C76, 0x7CF8, 0x9E1B,
        0x95FB, 0x95FB, 0x95FB, 0x9E3C, 0x95FB, 0xAD5A, 0x7FFF, 0x7BFF, 0x0000, 0x0000, 0x0000, 0x0000,
        0x0000, 0x0000, 0x0000, 0x0000, 0x7BFF, 0x7FFF, 0x7D5A, 0x8539, 0x8579, 0x8538, 0x8538, 0x8538,
        0x8559, 0x6455, 0x53B3, 0x5BD4, 0x5BD4, 0x5BD4, 0x5BD4, 0x5BD4, 0x5BD3, 0x5BF4, 0x5BF4, 0x53D4,
        0x6C76, 0x6CB7, 0x6C76, 0x6C97, 0x6C97, 0x6C97, 0x6C97, 0x6C97, 0x6C97, 0x6C97, 0x6C97, 0x95DA,
        0x9DFB, 0x95FB, 0x95FB, 0x95FB, 0xA65D, 0x95FB, 0x0000, 0x0000, 0x7DF7, 0xFFFF, 0x0000, 0x0000,
        0x0000, 0x0000, 0x07FF, 0x7DF7, 0x0000, 0x0000, 0x8539, 0x8D9A, 0x8538, 0x8538, 0x8538, 0x8539,
        0x7D18, 0x5BD4, 0x5BD4, 0x5BD4, 0x5BD4, 0x5BD4, 0x5BD4, 0x5BD4, 0x5BD4, 0x5BD4, 0x5BF4, 0x53D4,
        0x6C97, 0x74B8, 0x6C97, 0x6C97, 0x6C97, 0x6C97, 0x6C97, 0x6C97, 0x6C97, 0x6C97, 0x6C76, 0x7D39,
        0x9E1B, 0x95FB, 0x95FB, 0x95FB, 0x95FB, 0xA65D, 0x9E1B, 0x8E3C, 0x0000, 0x0000, 0x5555, 0x7DF7,
        0x7DF7, 0x5555, 0x0000, 0x0000, 0x8D58, 0x8559, 0x8D9A, 0x8538, 0x8538, 0x8538, 0x8538, 0x8559,
        0x6C76, 0x53B3, 0x5BD4, 0x5BD4, 0x5BD4, 0x5BD4, 0x5BD4, 0x5BD4, 0x5BD4, 0x5BD4, 0x5C15, 0x5BD4,
        0x6C96, 0x74B8, 0x6C96, 0x6C97, 0x6C97, 0x6C97, 0x6C97, 0x6C97, 0x6C97, 0x6C97, 0x6C97, 0x6C97,
        0x95BA, 0x9E1B, 0x95FB, 0x95FB, 0x95FB, 0x95FB, 0xA65D, 0x9E1B, 0x9E1B, 0xA65B, 0x0000, 0x0000,
        0x0000, 0x0000, 0x7DB9, 0x8559, 0x8559, 0x8D9A, 0x8538, 0x8538, 0x8538, 0x8538, 0x8559, 0x7CF8,
        0x5BD4, 0x5BD4, 0x5BD4, 0x5BD4, 0x5BD4, 0x5BD4, 0x5BD4, 0x5BD4, 0x5BD4, 0x53D4, 0x5BF5, 0x53D4,
        0x7477, 0x6C76, 0x6C97, 0x6C76, 0x6C97, 0x6C97, 0x6C97, 0x6C97, 0x6C97, 0x6C97, 0x6C97, 0x6C76,
        0x74D7, 0x9DFB, 0x95FB, 0x95FB, 0x95FB, 0x95FB, 0x95FB, 0x9E3C, 0xA65C, 0x9DFB, 0x95FB, 0x95FB,
        0x8538, 0x8538, 0x8539, 0x8D7A, 0x8579, 0x8538, 0x8538, 0x8538, 0x8538, 0x8538, 0x8539, 0x6415,
        0x53D3, 0x5BD4, 0x5BD4, 0x5BD4, 0x5BD4, 0x5BD4, 0x5BD4, 0x5BD4, 0x5BD4, 0x5BF4, 0x53D4, 0x53F5,
        0x0000, 0x6C77, 0x74D8, 0x6C96, 0x6C97, 0x6C97, 0x6C97, 0x6C97, 0x6C97, 0x6C97, 0x6C97, 0x6C97,
        0x6C76, 0x7D18, 0x9E1B, 0x95FB, 0x95FB, 0x95FB, 0x95FB, 0x95FB, 0x95FB, 0x9E1C, 0xA65C, 0xA65D,
        0x8DBA, 0x8D7A, 0x8559, 0x8538, 0x8538, 0x8538, 0x8538, 0x8538, 0x8538, 0x8559, 0x6455, 0x53B3,
        0x5BD4, 0x5BD4, 0x5BD4, 0x5BD4, 0x5BD4, 0x5BD4, 0x5BD4, 0x5BD4, 0x5BD4, 0x5C15, 0x53D4, 0x0000,
        0x0000, 0x6CB6, 0x6C97, 0x6C97, 0x6C97, 0x6C97, 0x6C97, 0x6C76, 0x6C97, 0x6C97, 0x6C97, 0x6C97,
        0x6C97, 0x6C76, 0x7D18, 0x9DFB, 0x9E1B, 0x95FB, 0x95FB, 0x95FB, 0x95FB, 0x95FB, 0x95FB, 0x95DB,
        0x8539, 0x8538, 0x8538, 0x8538, 0x8538, 0x8538, 0x8538, 0x8559, 0x8539, 0x6455, 0x53B3, 0x5BD4,
        0x5BD4, 0x5BD4, 0x5BD4, 0x53D4, 0x5BD4, 0x5BD4, 0x5BD4, 0x5BD4, 0x5BD4, 0x5BF4, 0x5BF4, 0x0000,
        0x5555, 0x0000, 0x6C76, 0x74D8, 0x6C76, 0x6C96, 0x6C97, 0x6C97, 0x6CB7, 0x6C97, 0x6C76, 0x6C97,
        0x6C97, 0x6C97, 0x6C76, 0x74D7, 0x95BA, 0x9E1B, 0x9DFB, 0x95FB, 0x95FB, 0x95FB, 0x95FB, 0x95FB,
        0x8559, 0x8538, 0x8538, 0x8538, 0x8538, 0x8539, 0x8559, 0x7CF8, 0x6415, 0x53B3, 0x5BD4, 0x5BD4,
        0x5BD4, 0x5BD4, 0x5BD4, 0x5BF4, 0x5BF4, 0x5BD4, 0x5BD4, 0x5BD4, 0x5C15, 0x53D4, 0x0000, 0x52B5,
        0x7BFF, 0x07FF, 0x7477, 0x6C97, 0x74D8, 0x6C97, 0x6C77, 0x6C97, 0x6C97, 0x6C97, 0x6C97, 0x6C76,
        0x6C97, 0x6C97, 0x6C97, 0x6C76, 0x6C97, 0x7D39, 0x95DA, 0x9E1B, 0x9E1B, 0x9E1B, 0x9DFB, 0x95FB,
        0x8559, 0x8539, 0x8559, 0x8559, 0x8559, 0x7D18, 0x6C76, 0x5BD4, 0x53D3, 0x5BD4, 0x5BD4, 0x5BD4,
        0x53D4, 0x5BF4, 0x5BD4, 0x5BD4, 0x53D4, 0x5BD4, 0x5BF4, 0x5C15, 0x5BF4, 0x5BF4, 0x001F, 0x7BEF,
        0x0000, 0x001F, 0x0000, 0x6C76, 0x74D8, 0x6C97, 0x6C77, 0x6CB7, 0x64D6, 0x6C77, 0x74B7, 0x6C97,
        0x6C76, 0x6C97, 0x6C97, 0x6C97, 0x6C97, 0x6C76, 0x6C97, 0x7CF8, 0x8579, 0x8DBA, 0x95DB, 0x95DB,
        0x8538, 0x7D18, 0x7CF8, 0x74B7, 0x6455, 0x5BD4, 0x53B3, 0x5BD4, 0x5BD4, 0x5BD4, 0x5BD4, 0x5BD4,
        0x5BF4, 0x5BF4, 0x53D4, 0x5395, 0x5BD4, 0x53D4, 0x5BF4, 0x5C15, 0x5BD4, 0x0000, 0x0000, 0x0000,
        0x0000, 0x0000, 0x07FF, 0x0000, 0x0000, 0x0000, 0x0000, 0x0000, 0x0000, 0x0000, 0x6C76, 0x6CB7,
        0x6C97, 0x6C97, 0x6C97, 0x6C97, 0x6C97, 0x6C97, 0x6C97, 0x6C76, 0x6C76, 0x6C76, 0x6C97, 0x6C97,
        0x5BF4, 0x5BF4, 0x53D4, 0x53B3, 0x53B3, 0x5BD4, 0x5BD4, 0x5BD4, 0x5BD4, 0x5BD4, 0x5BD4, 0x5BD4,
        0x5BF4, 0x53D4, 0x0000, 0x0000, 0x0000, 0x0000, 0x0000, 0x0000, 0x0000, 0x07FF, 0x0000, 0x0000,
        0x0000, 0x0000, 0x0000, 0x52B5, 0x5555, 0x7BFF, 0x7BEF, 0xFFFF, 0x03EF, 0x7BFF, 0x0000, 0x6C76,
        0x6CB7, 0x6C97, 0x6C97, 0x6C97, 0x6C97, 0x6C97, 0x6C97, 0x6C97, 0x6C97, 0x6C97, 0x6C77, 0x6C76,
        0x5BD4, 0x53D4, 0x5BD4, 0x5BD4, 0x5BD4, 0x5BD4, 0x5BD4, 0x5BD4, 0x5BD4, 0x5BD4, 0x53D4, 0x5BF4,
        0x53D4, 0x0000, 0x7BEF, 0x000F, 0x07FF, 0x7BEF, 0x7BFF, 0x5555, 0x52B5, 0x0000, 0x0000, 0x0000,
        0x0000, 0x0000, 0x0000, 0x0000, 0x0000, 0x0000, 0x0000, 0x0000, 0xFFFF, 0x0000, 0x6C96, 0x6C96,
        0x6C97, 0x6C76, 0x6C97, 0x6C97, 0x6C97, 0x6C97, 0x6C97, 0x6C97, 0x6C97, 0x6C97, 0x6C97, 0x6C76,
        0x5BD4, 0x5BD4, 0x5BD4, 0x5BD4, 0x5BD4, 0x5BD4, 0x5BD4, 0x5BD4, 0x5BD4, 0x5BD4, 0x5BD4, 0x5BF4,
        0x53D4, 0x53D3, 0x0000, 0x07FF, 0x0000, 0x0000, 0x0000, 0x0000, 0x0000, 0x0000, 0x0000, 0x0000,
        0x0000, 0x0000, 0x0000, 0x0000, 0x0000, 0x0000, 0x0000, 0x0000, 0x7BEF, 0x0000, 0x6476, 0x6C76,
        0x6C97, 0x6C96, 0x6C97, 0x6C97, 0x6C97, 0x6C97, 0x6C97, 0x6C97, 0x6C97, 0x6C97, 0x6C96, 0x6C76,
        0x5BD4, 0x53D4, 0x5BD4, 0x5BD4, 0x5BD4, 0x5BD4, 0x5BD4, 0x5BD4, 0x5BD4, 0x5BD4, 0x5BD4, 0x5BD4,
        0x53D4, 0x53B3, 0x0000, 0x7BEF, 0x0000, 0x0000, 0x0000, 0x0000, 0x0000, 0x0000, 0x0000, 0x0000,
        0x0000, 0x0000, 0x0000, 0x0000, 0x0000, 0x0000, 0x0000, 0x0000, 0x7BFF, 0x0000, 0x6C96, 0x6C97,
        0x6C97, 0x6C97, 0x6C97, 0x6C97, 0x6C97, 0x6C97, 0x6C97, 0x6C97, 0x6C97, 0x6C76, 0x74B7, 0x74D8,
        0x5C15, 0x5BF4, 0x53D4, 0x5BD4, 0x5BD4, 0x5BD4, 0x5BD4, 0x5BD4, 0x5BD4, 0x5BD4, 0x5BD4, 0x5BD4,
        0x5BD4, 0x5BF4, 0x0000, 0x7BEF, 0x0000, 0x0000, 0x0000, 0x0000, 0x0000, 0x0000, 0x0000, 0x0000,
        0x0000, 0x0000, 0x0000, 0x0000, 0x0000, 0x0000, 0x0000, 0x0000, 0x5555, 0x0000, 0x6C76, 0x74D8,
        0x6C96, 0x6C97, 0x6C97, 0x6C97, 0x6C97, 0x6C97, 0x6C97, 0x6C97, 0x6C76, 0x74B8, 0x6C76, 0x6C76,
        0x5BD4, 0x53D4, 0x5C15, 0x5BD4, 0x5BD4, 0x5BD4, 0x5BD4, 0x5BD4, 0x5BD4, 0x5BD4, 0x5BD4, 0x53D4,
        0x5C15, 0x5BD4, 0x0000, 0x52B5, 0x0000, 0x0000, 0x0000, 0x0000, 0x0000, 0x0000, 0x0000, 0x0000,
        0x0000, 0x0000, 0x0000, 0x0000, 0x0000, 0x0000, 0x0000, 0x0000, 0x7BFF, 0x0000, 0x6C96, 0x74B7,
        0x74D8, 0x6C97, 0x6C96, 0x6C76, 0x6C97, 0x6C97, 0x6C97, 0x6C76, 0x74B8, 0x6C97, 0x7457, 0x0000,
        0x0000, 0x5B94, 0x5BD4, 0x5C15, 0x5BD3, 0x5BD4, 0x5BD4, 0x5BD4, 0x5BD4, 0x5BD4, 0x5BD4, 0x5C15,
        0x5BF4, 0x53D3, 0x0000, 0x7BEF, 0x0000, 0x0000, 0x0000, 0x0000, 0x0000, 0x0000, 0x0000, 0x0000,
        0x0000, 0x0000, 0x0000, 0x0000, 0x0000, 0x0000, 0x0000, 0x0000, 0x0000, 0x07FF, 0x0000, 0x6C75,
        0x6C97, 0x6C97, 0x74D8, 0x6C97, 0x6C96, 0x6C96, 0x6C76, 0x74B7, 0x6C97, 0x6C77, 0x0000, 0x64D9,
        0x64D3, 0x0000, 0x53D3, 0x5BF4, 0x5BF4, 0x5BD4, 0x53D4, 0x53D4, 0x5BF4, 0x5C15, 0x5BF4, 0x5BF4,
        0x53D4, 0x0000, 0x001F, 0x0000, 0x0000, 0x0000, 0x0000, 0x0000, 0x0000, 0x0000, 0x0000, 0x0000,
        0x0000, 0x0000, 0x0000, 0x0000, 0x0000, 0x0000, 0x0000, 0x0000, 0x0000, 0x0000, 0x07FF, 0x0000,
        0x0000, 0x6C97, 0x6CB7, 0x6C97, 0x74B8, 0x74B8, 0x6CB7, 0x6CB7, 0x6C76, 0x0000, 0x5555, 0x0000,
        0x0000, 0x5555, 0x0000, 0x5BB3, 0x5BF4, 0x5BF4, 0x5BF5, 0x5BF5, 0x5BF4, 0x5BF4, 0x53F4, 0x0000,
        0x0000, 0x001F, 0x0000, 0x0000, 0x0000, 0x0000, 0x0000, 0x0000, 0x0000, 0x0000, 0x0000, 0x0000,
        0x0000, 0x0000, 0x0000, 0x0000, 0x0000, 0x0000, 0x0000, 0x0000, 0x0000, 0x0000, 0x0000, 0x7BEF,
        0x5555, 0x0000, 0x0000, 0x74D7, 0x74B7, 0x6C97, 0x74B8, 0x6C76, 0x0000, 0x7BF7, 0x0000, 0x0000,
        0x0000, 0x0000, 0x3BF7, 0x0000, 0x53B3, 0x5C15, 0x5BD4, 0x5BF4, 0x53D3, 0x0000, 0x0000, 0x52B5,
        0x7BEF, 0x0000, 0x0000, 0x0000, 0x0000, 0x0000, 0x0000, 0x0000, 0x0000, 0x0000, 0x0000, 0x0000,
    },
    // radio
    {
        0x0000, 0x0000, 0x0000, 0x0000, 0x0000, 0x0000, 0x0000, 0x0000, 0x0000, 0x0000, 0x0000, 0x0000,
        0x0000, 0x0000, 0x0000, 0x0000, 0x0000, 0x0000, 0x0000, 0x0000, 0x0000, 0x0000, 0x0000, 0x0000,
        0x0000, 0x0000, 0x0000, 0x0000, 0x0000, 0x0000, 0x0000, 0x0000, 0x0000, 0x0000, 0x0000, 0x0000,
        0x0000, 0x0000, 0x0000, 0x0000, 0x0000, 0x0000, 0x0000, 0x0000, 0x0000, 0x0000, 0x0000, 0x0000,
        0x0000, 0x0000, 0x0000, 0x0000, 0x0000, 0x0000, 0x0000, 0x0000, 0x0000, 0x0000, 0x0000, 0x0000,
        0x0000, 0x0000, 0x0000, 0x0000, 0x0000, 0x0000, 0x0000, 0x0000, 0x0000, 0x0000, 0x0000, 0x0000,
        0x0000, 0x0000, 0x0000, 0x0000, 0x0000, 0x0000, 0x0000, 0x0000, 0x0000, 0x0000, 0x7BEF, 0x0000,
        0x8517, 0x9599, 0x8517, 0xFFFF, 0x7BEF, 0x0000, 0x0000, 0x0000, 0x0000, 0x0000, 0x0000, 0x0000,
        0x0000, 0x0000, 0x0000, 0x0000, 0x0000, 0x0000, 0x0000, 0x0000, 0x0000, 0x0000, 0x0000, 0x0000,
        0x0000, 0x0000, 0x0000, 0x0000, 0x0000, 0x0000, 0x0000, 0x0000, 0x0000, 0x0000, 0x0000, 0x0000,
        0x0000, 0x0000, 0x0000, 0x0000, 0x0000, 0x0000, 0x0000, 0x0000, 0x0000, 0xAD55, 0x7BF7, 0x8D77,
        0x8537, 0x8D78, 0x9599, 0x7CD6, 0x0000, 0xAD55, 0x0000, 0x0000, 0x0000, 0x0000, 0x0000, 0x0000,
        0x0000, 0x0000, 0x0000, 0x0000, 0x0000, 0x0000, 0x0000, 0x0000, 0x0000, 0x0000, 0x0000, 0x0000,
        0x0000, 0x0000, 0x0000, 0x0000, 0x0000, 0x0000, 0x0000, 0x0000, 0x0000, 0x0000, 0x0000, 0x0000,
        0x0000, 0x0000, 0x0000, 0x0000, 0x0000, 0x0000, 0x07FF, 0xAD55, 0xAD55, 0x0000, 0x0000, 0x8D55,
        0x8D37, 0xAE3B, 0xBEBD, 0xA5FA, 0x0000, 0xAFFF, 0x0000, 0x0000, 0x0000, 0x0000, 0x0000, 0x0000,
        0x0000, 0x0000, 0x0000, 0x0000, 0x0000, 0x0000, 0x0000, 0x0000, 0x0000, 0x0000, 0x0000, 0x0000,
        0x0000, 0x0000, 0x0000, 0x0000, 0x0000, 0x0000, 0x0000, 0x0000, 0x0000, 0x0000, 0x0000, 0x0000,
        0x0000, 0x0000, 0x0000, 0x0000, 0x5555, 0xAD5F, 0x0000, 0x0000, 0x0000, 0x9557, 0x8D58, 0x8517,
        0x9DD9, 0xBEBD, 0xBEBD, 0xB69C, 0xBE7B, 0x0000, 0xFFFF, 0x0000, 0x0000, 0x0000, 0x0000, 0x0000,
        0x0000, 0x0000, 0x0000, 0x0000, 0x0000, 0x0000, 0x0000, 0x0000, 0x0000, 0x0000, 0x0000, 0x0000,
        0x0000, 0x0000, 0x0000, 0x0000, 0x0000, 0x0000, 0x0000, 0x0000, 0x0000, 0x0000, 0x0000, 0x0000,
        0x0000, 0x7BFF, 0x7BF7, 0x0000, 0x0000, 0x0000, 0x95FA, 0x8D58, 0x8537, 0x8517, 0x8D78, 0x9599,
        0x9DB9, 0xBE9C, 0xB67C, 0xC6FE, 0xB67C, 0x0000, 0xBDF7, 0x0000, 0x0000, 0x0000, 0x0000, 0x0000,
        0x0000, 0x0000, 0x0000, 0x0000, 0x0000, 0x0000, 0x0000, 0x0000, 0x0000, 0x0000, 0x0000, 0x0000,
        0x0000, 0x0000, 0x0000, 0x0000, 0x0000, 0x0000, 0x0000, 0x0000, 0x0000, 0x0000, 0x7BEF, 0x7BF7,
        0xFFFF, 0x0000, 0x0000, 0xAFFF, 0x8D78, 0x8D37, 0x8517, 0x8D58, 0x9599, 0x9DDA, 0xB67C, 0xC6FE,
        0x9599, 0xAE5B, 0xBE9D, 0xC6FE, 0xB67C, 0x0000, 0xAFFF, 0x0000, 0x0000, 0x0000, 0x0000, 0x0000,
        0x0000, 0x0000, 0x0000, 0x0000, 0x0000, 0x0000, 0x0000, 0x0000, 0x0000, 0x0000, 0x0000, 0x0000,
        0x0000, 0x0000, 0x0000, 0x0000, 0x0000, 0x0000, 0x0000, 0xFFFF, 0xAD5F, 0x7FFF, 0x0000, 0x0000,
        0x0000, 0x9558, 0x8D37, 0x8517, 0x8537, 0x9579, 0x9DD9, 0xB65C, 0xC6FE, 0xBEBD, 0xBEBD, 0xBEBD,
        0xAE3B, 0xB67C, 0xCF5F, 0xCF3F, 0xB67C, 0x0000, 0xAFFF, 0x0000, 0x0000, 0x0000, 0x0000, 0x0000,
        0x0000, 0x0000, 0x0000, 0x0000, 0x0000, 0x0000, 0x0000, 0x0000, 0x0000, 0x0000, 0x0000, 0x0000,
        0x0000, 0x0000, 0x0000, 0x0000, 0x001F, 0xAD55, 0xAD55, 0x0000, 0x0000, 0x0000, 0x8D78, 0x8D38,
        0x8537, 0x8517, 0x8D78, 0x9DB9, 0xAE3B, 0xBEDE, 0xBEBD, 0xBEBD, 0xBEBD, 0xB67C, 0x0000, 0x0000,
        0x0000, 0xB5BB, 0xB69C, 0xBE9C, 0xB5BB, 0x07FF, 0x07FF, 0x0000, 0x0000, 0x0000, 0x0000, 0x0000,
        0x0000, 0x0000, 0x0000, 0x0000, 0x0000, 0x0000, 0x0000, 0x0000, 0x0000, 0x0000, 0x0000, 0x0000,
        0x0000, 0x0000, 0x7FFF, 0x7BF7, 0x0000, 0x0000, 0x0000, 0x9579, 0x8D58, 0x8537, 0x8517, 0x8D78,
        0x9599, 0xA61B, 0xBEBD, 0xC6DE, 0xBEBD, 0xBEBD, 0xB69D, 0x0000, 0x0000, 0x0000, 0xFFFF, 0xBDF7,
        0xFFFF, 0x0000, 0x0000, 0x0000, 0x0000, 0x0000, 0x0000, 0x0000, 0x0000, 0x0000, 0x0000, 0x0000,
        0x0000, 0x0000, 0x0000, 0x0000, 0x0000, 0x0000, 0x0000, 0x0000, 0x0000, 0x0000, 0x0000, 0x7BEF,
        0x7BF7, 0x0000, 0x0000, 0x0000, 0x8D58, 0x8D58, 0x8537, 0x8517, 0x8D58, 0x9599, 0xA5FA, 0xB69D,
        0xC6FE, 0xBEBD, 0xBEBD, 0xBE9D, 0x8D58, 0x0000, 0x0000, 0x0000, 0xBDF7, 0x7FFF, 0x0000, 0x0000,
        0x0000, 0x001F, 0xBDFF, 0xBDFF, 0x07FF, 0x0000, 0x0000, 0x0000, 0x0000, 0x0000, 0x0000, 0x0000,
        0x0000, 0x0000, 0x0000, 0x0000, 0x0000, 0x0000, 0x0000, 0x0000, 0xFFFF, 0x7BF7, 0xFFFF, 0x0000,
        0x0000, 0x0000, 0x8D78, 0x8537, 0x8517, 0x8D58, 0x9599, 0x9DDA, 0xB67C, 0xC6FE, 0xBEBD, 0xBEBD,
        0xBE9D, 0xAE5C, 0x0000, 0x0000, 0x0000, 0xBDF7, 0xAD55, 0x0000, 0x0000, 0x0000, 0x0000, 0x0000,
        0x0000, 0x0000, 0x0000, 0x0000, 0x0000, 0x0000, 0x0000, 0x0000, 0x0000, 0x0000, 0x0000, 0x0000,
        0x0000, 0x0000, 0x0000, 0xF800, 0xFAAA, 0xFAAA, 0xFAAA, 0xFAAA, 0x0000, 0x0000, 0x0000, 0x9517,
        0x8D37, 0x8517, 0x8537, 0x9599, 0x9DDA, 0xB65C, 0xC6FE, 0xBEBD, 0xBEBD, 0xBE7C, 0xB63B, 0x0000,
        0x0000, 0x0000, 0xD555, 0xD555, 0xFBEF, 0xFAAA, 0xFAAA, 0xFAAA, 0xFAAA, 0xFAAA, 0xFAAA, 0xFAAA,
        0xFAAA, 0xFAAA, 0xFAAA, 0xFAAA, 0xFAAA, 0xFAAA, 0xFAAA, 0xFAAA, 0x7BEF, 0x0000, 0x0000, 0x0000,
        0x0000, 0xF800, 0xFAAA, 0x0000, 0x0000, 0x0000, 0x0000, 0x0000, 0x4E7D, 0x7D99, 0x8578, 0x8558,
        0x8DBA, 0x95FA, 0xA63B, 0xB6BD, 0xBEFE, 0xB6FE, 0xB71F, 0x97FF, 0x0000, 0x0000, 0x0000, 0x0000,
        0x0000, 0x0000, 0x0000, 0x0000, 0x0000, 0x0000, 0x0000, 0x0000, 0x0000, 0x0000, 0x0000, 0x0000,
        0x0000, 0x0000, 0x0000, 0x0000, 0x0000, 0x0000, 0x0000, 0x0000, 0x0000, 0xFAAA, 0xF800, 0x0000,
        0xF800, 0x0000, 0x0000, 0xE9A8, 0xE188, 0xEA4A, 0xDB4E, 0xB453, 0xAC94, 0xACD6, 0xACD5, 0xB4F5,
        0xC557, 0xCD98, 0xCDB8, 0xD577, 0xDC93, 0xF2EC, 0xF9A7, 0xFA49, 0xF2EC, 0xF30D, 0xFB0C, 0xF2EC,
        0xF2EC, 0xF2EC, 0xF2EC, 0xF2EC, 0xF2EC, 0xF2EC, 0xF2EC, 0xF2EC, 0xF2EC, 0xF2EC, 0xF2EC, 0xF2EC,
        0xF2EC, 0xF2EC, 0xF2EC, 0xF2EC, 0xF2EC, 0xF2EC, 0xF2EC, 0xFAEC, 0xFB0C, 0x0000, 0x0000, 0xF800,
        0x0000, 0xD1EA, 0xE9C8, 0xE9E9, 0xFA8B, 0xFB0C, 0xFB2D, 0xFB2D, 0xFAEC, 0xFACB, 0xFAEC, 0xFAEC,
        0xFAEC, 0xFACB, 0xFACB, 0xFAAB, 0xFACB, 0xFB2D, 0xFB4D, 0xFB2D, 0xFB2D, 0xFB2D, 0xFB2D, 0xFB2D,
        0xFB2D, 0xFB2D, 0xFB2D, 0xFB2D, 0xFB2D, 0xFB2D, 0xFB2D, 0xFB2D, 0xFB2D, 0xFB2D, 0xFB2D, 0xFB2D,
        0xFB2D, 0xFB2D, 0xFB2D, 0xFB2D, 0xFB2D, 0xFB2D, 0xFB2D, 0xFB2D, 0xFB0C, 0xFB0C, 0xEACB, 0x0000,
        0xE1CA, 0xE1C8, 0xFA09, 0xF2CB, 0xFB0C, 0xFB0C, 0xFB0C, 0xFB0C, 0xF30C, 0xFB0C, 0xFB0C, 0xFB0C,
        0xFB0C, 0xFB0C, 0xFB0C, 0xFB0C, 0xFB0C, 0xFB0C, 0xFB0C, 0xFB0C, 0xFB0C, 0xFB0C, 0xFB0C, 0xFB0C,
        0xFB0C, 0xFB0C, 0xFB0C, 0xFB0C, 0xFB0C, 0xFB0C, 0xFB0C, 0xFB0C, 0xFB0C, 0xFB0C, 0xFB0C, 0xFB0C,
        0xFB0C, 0xFB0C, 0xFB0C, 0xFB0C, 0xFB0C, 0xFB0C, 0xFB0C, 0xFAEC, 0xFB0C, 0xFB4D, 0xFAEC, 0xE2EB,
        0xE1C8, 0xF1E9, 0xEA6A, 0xFB0D, 0xFAEC, 0xFB0C, 0xFB0C, 0xFB0C, 0xFB0C, 0xFB0C, 0xF30C, 0xF30C,
        0xF30C, 0xFB0C, 0xFB0C, 0xFB0C, 0xF2EC, 0xF30C, 0xFB0C, 0xFB0C, 0xFB0C, 0xFB0C, 0xFB0C, 0xFB0C,
        0xFB0C, 0xFB0C, 0xFB0C, 0xFB0C, 0xFB0C, 0xFB0C, 0xFB0C, 0xFB0C, 0xFB0C, 0xFB0C, 0xFB0C, 0xFB0C,
        0xFB0C, 0xFB0C, 0xFB0C, 0xFB0C, 0xFB0C, 0xFB0C, 0xFB0C, 0xFB0C, 0xFB0C, 0xFAEC, 0xFB2D, 0xFAEC,
        0xE1C8, 0xE9C9, 0xF2CC, 0xFB0C, 0xFB0C, 0xFB0C, 0xFB0C, 0xFB0C, 0xFB0C, 0xFB0C, 0xFB0C, 0xFB0C,
        0xFB0C, 0xFB0C, 0xFB0C, 0xFB0C, 0xFB0C, 0xFB0C, 0xFB0C, 0xF30C, 0xFB0C, 0xFB0C, 0xFB0C, 0xFB0C,
        0xFB0C, 0xFB0C, 0xFB0C, 0xFB0C, 0xFB0C, 0xFB0C, 0xFB0C, 0xFB0C, 0xFB0C, 0xFB0C, 0xFB0C, 0xFB0C,
        0xFB0C, 0xFB0C, 0xFB0C, 0xFB0C, 0xFB0C, 0xFB0C, 0xFB0C, 0xFB0C, 0xFB0C, 0xFB0C, 0xFB0C, 0xFAEC,
        0xE1C8, 0xE1E9, 0xFAEC, 0xFB0C, 0xFB0C, 0xFB0C, 0xFB0C, 0xFB0C, 0xFB0C, 0xFB0C, 0xBACC, 0x828B,
        0x624B, 0x524B, 0x4A4B, 0x5A4B, 0x7A6B, 0xAAAC, 0xEAEC, 0xFB0C, 0xFB0C, 0xFB0C, 0xFB0C, 0xFB0C,
        0xFB0C, 0xFB0C, 0xFB0C, 0xFB0C, 0xFB0C, 0xFB0C, 0xFB0C, 0xFB0C, 0xFB0C, 0xFB0C, 0xFB0C, 0xFB0C,
        0xFB0C, 0xFB0C, 0xFB0C, 0xFB0C, 0xFB0C, 0xFB0C, 0xFB0C, 0xFB0C, 0xFB0C, 0xFB0C, 0xFB0C, 0xFB0C,
        0xE1C8, 0xE1E9, 0xFAEC, 0xFB0C, 0xFB0C, 0xFB0C, 0xF30C, 0xFB0C, 0xC2CC, 0x322B, 0x11EB, 0x09EB,
        0x11EB, 0x11EB, 0x11EB, 0x11EB, 0x09EB, 0x09EB, 0x220B, 0xA2AC, 0xFB0C, 0xF30C, 0xFB0C, 0xFB0C,
        0xFB0C, 0xFB0C, 0xFB0C, 0xFB0C, 0xFB0C, 0xFB0C, 0xFAEC, 0xFAEC, 0xFAEC, 0xFAEC, 0xFAEC, 0xFAEC,
        0xFAEC, 0xFAEC, 0xFAEC, 0xFAEC, 0xFAEC, 0xFAEC, 0xFAEC, 0xFB0C, 0xFB0C, 0xFB0C, 0xFB0C, 0xFB0C,
        0xE1C8, 0xE1E9, 0xFAEC, 0xFB0C, 0xFB0C, 0xFB0C, 0xF30C, 0xFB0C, 0xC2CC, 0x524B, 0x624B, 0x624B,
        0x624B, 0x624B, 0x624B, 0x624B, 0x624B, 0x624B, 0x524B, 0xA2AC, 0xFB0C, 0xF30C, 0xFB0C, 0xFB0C,
        0xFB0C, 0xFB0C, 0xFB0C, 0xFB0C, 0xFACB, 0xFB0C, 0xF32D, 0xF30D, 0xF30D, 0xF30D, 0xF30D, 0xF30D,
        0xF30D, 0xF30D, 0xF30D, 0xF30D, 0xF30D, 0xF30D, 0xF32D, 0xFAEC, 0xFAEC, 0xFB0C, 0xFB0C, 0xFB0C,
        0xE1C8, 0xE1E9, 0xFAEC, 0xFB0C, 0xF30C, 0xF30C, 0xF30C, 0xF2EC, 0xFB0C, 0xFB0C, 0xFB0C, 0xFB0C,
        0xFB0C, 0xFB0C, 0xFB0C, 0xFB0C, 0xFB0C, 0xFB0C, 0xFB0C, 0xFB0C, 0xF2EC, 0xF30C, 0xF30C, 0xF30C,
        0xFB0C, 0xFB0C, 0xFB0C, 0xFACC, 0xDCF3, 0xB71B, 0xBF1B, 0xBF1B, 0xBF1B, 0xBF1B, 0xBF1B, 0xBF1B,
        0xB71B, 0xB71B, 0xB71B, 0xBF1B, 0xBF1B, 0xBF1B, 0xB71B, 0xBEB9, 0xEBAF, 0xFAEC, 0xFB0C, 0xFB0C,
        0xE1C8, 0xE1E9, 0xFAEC, 0xFB0C, 0xFB0C, 0xFB0C, 0xFB0C, 0xFB0C, 0xFB0C, 0xFB0C, 0xFB0C, 0xFB0C,
        0xFB0C, 0xFB0C, 0xFB0C, 0xFB0C, 0xFB0C, 0xFB0C, 0xFB0C, 0xFB0C, 0xFB0C, 0xFB0C, 0xFB0C, 0xFB0C,
        0xFB0C, 0xFB0C, 0xFAEC, 0xF36E, 0xAF9C, 0xAFFE, 0xAFDD, 0xAFDD, 0xAFDD, 0xAFDD, 0xAFDD, 0xAFDD,
        0xAFDD, 0xB7FD, 0xAFDD, 0xAFDD, 0xAFDD, 0xAFDD, 0xAFBD, 0xA7FF, 0xCDF7, 0xFAAB, 0xFB0C, 0xFB0C,
        0xE1C8, 0xE1E9, 0xFAEC, 0xFB0C, 0x9A8C, 0x624B, 0x6A6B, 0x6A6B, 0x6A6B, 0x6A6B, 0x6A6B, 0x6A6B,
        0x6A6B, 0x6A6B, 0x6A6B, 0x6A6B, 0x6A6B, 0x6A6B, 0x6A6B, 0x6A6B, 0x6A6B, 0x6A6B, 0x6A4B, 0x828B,
        0xF2EC, 0xFB0C, 0xFAEC, 0xEB8E, 0xB79C, 0xAF9D, 0xAF9D, 0xAF9D, 0xAF9D, 0xAF9D, 0xAF9D, 0xAFBD,
        0xAF9D, 0x9EFC, 0xAF7C, 0xB7BD, 0xAF9D, 0xAF9D, 0xAF9C, 0xAFDD, 0xC637, 0xFAAB, 0xFB0C, 0xFB0C,
        0xE1C8, 0xE1E9, 0xFB0C, 0xD2CC, 0x11EB, 0x11EB, 0x11EB, 0x11EB, 0x11EB, 0x11EB, 0x11EB, 0x11EB,
        0x11EB, 0x11EB, 0x11EB, 0x11EB, 0x11EB, 0x11EB, 0x11EB, 0x11EB, 0x11EB, 0x11EB, 0x11EB, 0x01EB,
        0xAAAC, 0xFB0C, 0xFACC, 0xF38E, 0xB79C, 0xAFBD, 0xAFBD, 0xAFBD, 0xAFBD, 0xAFBD, 0xAF9D, 0xB7DD,
        0x861B, 0x5C79, 0x7DBA, 0xB7BD, 0xAF9D, 0xAFBD, 0xAF9C, 0xAFFE, 0xCE17, 0xFAAB, 0xFB0C, 0xFB0C,
        0xE1C8, 0xE1E9, 0xFAEC, 0xF30C, 0x6A6B, 0x3A2B, 0x422B, 0x422B, 0x422B, 0x422B, 0x422B, 0x422B,
        0x422B, 0x422B, 0x422B, 0x422B, 0x422B, 0x422B, 0x422B, 0x422B, 0x422B, 0x422B, 0x422B, 0x524B,
        0xDAEC, 0xFB0C, 0xFACC, 0xEB8E, 0xAF9D, 0xAF9D, 0xAF9C, 0xAF9C, 0xAF9C, 0xAF9C, 0xAF9C, 0xB7BD,
        0x757A, 0x6499, 0x7539, 0xAF9C, 0xAF9C, 0xAF9C, 0xB77C, 0xAFFE, 0xC638, 0xFAAB, 0xFB0C, 0xFB0C,
        0xE1C8, 0xE1E9, 0xF2EC, 0xFB0C, 0xFB0C, 0xF2EC, 0xF2EC, 0xF2EC, 0xF2EC, 0xF2EC, 0xF2EC, 0xF2EC,
        0xF2EC, 0xF2EC, 0xF2EC, 0xF2EC, 0xF2EC, 0xF2EC, 0xF2EC, 0xF2EC, 0xF2EC, 0xF2EC, 0xEAEC, 0xFB0C,
        0xFB0C, 0xF30C, 0xFAEC, 0xFB0C, 0xBEDA, 0xA7FE, 0xAFFE, 0xAFFE, 0xAFFE, 0xAFFE, 0xAFFE, 0xAFFE,
        0x6DBB, 0x54BA, 0x657B, 0xAFFE, 0xAFFE, 0xAFFE, 0xAFFE, 0xA7FE, 0xDD13, 0xFAAB, 0xFB0C, 0xFB0C,
        0xE1C8, 0xE1E9, 0xFAEC, 0xFB0C, 0xFB0C, 0xFB0C, 0xFB0C, 0xFB0C, 0xFB0C, 0xFB0C, 0xFB0C, 0xFB0C,
        0xFB0C, 0xFB0C, 0xFB0C, 0xFB0C, 0xFB0C, 0xFB0C, 0xFB0C, 0xFB0C, 0xFB0C, 0xFB0C, 0xFB0C, 0xFB0C,
        0xFB0C, 0xFB0C, 0xFB0C, 0xFAEC, 0xF36E, 0xDD13, 0xD534, 0xD514, 0xD534, 0xD534, 0xD514, 0xDD34,
        0xBC53, 0xB3D2, 0xBC13, 0xD514, 0xD534, 0xD514, 0xD534, 0xE492, 0xFAEC, 0xFB0C, 0xFB0C, 0xFB0C,
        0xE1C8, 0xE9E9, 0xEAEC, 0x9A8C, 0x928C, 0x928C, 0x928C, 0x928C, 0x928C, 0x928C, 0x928C, 0x928C,
        0x928C, 0x928C, 0x928C, 0x928C, 0x928C, 0x928C, 0x928C, 0x928C, 0x928C, 0x928C, 0x928C, 0x928C,
        0x928C, 0xE2EC, 0xFB0C, 0xFB0C, 0xFAEC, 0xFAAB, 0xFAAB, 0xFAAB, 0xFAAB, 0xFAAB, 0xFAAB, 0xFAAB,
        0xFACB, 0xFAEB, 0xFACB, 0xFAAB, 0xFAAB, 0xFAAB, 0xFAAB, 0xFAAB, 0xFB0C, 0xFB0C, 0xFB0C, 0xFB0C,
        0xE1C8, 0xF209, 0x8A6B, 0x01EB, 0x1A0B, 0x120B, 0x120B, 0x120B, 0x120B, 0x120B, 0x120B, 0x120B,
        0x120B, 0x120B, 0x120B, 0x120B, 0x120B, 0x120B, 0x120B, 0x120B, 0x120B, 0x120B, 0x120B, 0x1A0B,
        0x09EB, 0x5A4B, 0xFB0C, 0xF30C, 0xFB0C, 0xFB0C, 0xFB0C, 0xFB0C, 0xFB0C, 0xF30C, 0xF30D, 0xFB0D,
        0xFB0C, 0xF30D, 0xF30D, 0xFB0C, 0xFB0C, 0xFB0C, 0xFB0C, 0xFB0C, 0xFB0C, 0xFB0C, 0xFB0C, 0xFB0C,
        0xE1C8, 0xF1E9, 0xB2AC, 0x2A0B, 0x2A0B, 0x2A0B, 0x2A0B, 0x2A0B, 0x2A0B, 0x2A0B, 0x2A0B, 0x2A0B,
        0x2A0B, 0x2A0B, 0x2A0B, 0x2A0B, 0x2A0B, 0x2A0B, 0x2A0B, 0x2A0B, 0x2A0B, 0x2A0B, 0x2A0B, 0x2A0B,
        0x220B, 0x8A8C, 0xFB0C, 0xF30C, 0xFB0C, 0xFB0C, 0xFB0C, 0xFB0C, 0xFB0C, 0xFAEC, 0xFAEB, 0xFAEC,
        0xF2EC, 0xFACB, 0xFACB, 0xFB0C, 0xFB0C, 0xFB0C, 0xFB0C, 0xFB0C, 0xFB0C, 0xFB0C, 0xFB0C, 0xFB0C,
        0xE1C8, 0xE1E9, 0xFAEC, 0xE2EC, 0xDACC, 0xDACC, 0xDACC, 0xDACC, 0xDACC, 0xDACC, 0xDACC, 0xDACC,
        0xDACC, 0xDACC, 0xDACC, 0xDACC, 0xDACC, 0xDACC, 0xDACC, 0xDACC, 0xDACC, 0xDACC, 0xDACC, 0xDACC,
        0xDAEC, 0xFB0C, 0xFB0C, 0xFB0C, 0xFB0C, 0xFB0C, 0xFB0C, 0xFB0C, 0xFAEC, 0xF30D, 0xBC12, 0xA4F6,
        0xB5B9, 0xC5B8, 0xE411, 0xFACB, 0xFB0C, 0xFB0C, 0xFB0C, 0xFB0C, 0xFB0C, 0xFB0C, 0xFB0C, 0xFB0C,
        0xE1C8, 0xE1E9, 0xF2EC, 0xFB0C, 0xFB0C, 0xFB0C, 0xFB0C, 0xFB0C, 0xFB0C, 0xFB0C, 0xFB0C, 0xFB0C,
        0xFB0C, 0xFB0C, 0xFB0C, 0xFB0C, 0xFB0C, 0xFB0C, 0xFB0C, 0xFB0C, 0xFB0C, 0xFB0C, 0xFB0C, 0xFB0C,
        0xFB0C, 0xFB0C, 0xFB0C, 0xFB0C, 0xFB0C, 0xFB0C, 0xFB0C, 0xFAEC, 0xF30D, 0x9CB5, 0x8599, 0xB69C,
        0xB6BD, 0xB6BD, 0xB6DE, 0xDCB4, 0xFACB, 0xFB0C, 0xFB0C, 0xFB0C, 0xFB0C, 0xFB0C, 0xFB0C, 0xFB0C,
        0xE1C8, 0xE1E9, 0xF2EC, 0xFB0C, 0xDACC, 0xB2AC, 0xB2AC, 0xB2AC, 0xB2AC, 0xB2AC, 0xB2AC, 0xB2AC,
        0xB2AC, 0xB2AC, 0xB2AC, 0xB2AC, 0xB2AC, 0xB2AC, 0xB2AC, 0xB2AC, 0xB2AC, 0xB2AC, 0xB2AC, 0xCACC,
        0xFB0C, 0xFB0C, 0xFB0C, 0xFB0C, 0xFB0C, 0xFB0C, 0xF30C, 0xFACB, 0xBC32, 0x7D58, 0xB63B, 0xBE9C,
        0xB67C, 0xB65B, 0x8D58, 0xAE5C, 0xEBAF, 0xFACC, 0xFB0C, 0xFB0C, 0xFB0C, 0xFB0C, 0xFB0C, 0xFB0C,
        0xE1C8, 0xE1E9, 0xFAEC, 0xE2EC, 0x2A0B, 0x1A0B, 0x1A0B, 0x1A0B, 0x1A0B, 0x1A0B, 0x1A0B, 0x1A0B,
        0x1A0B, 0x1A0B, 0x1A0B, 0x1A0B, 0x1A0B, 0x1A0B, 0x1A0B, 0x1A0B, 0x1A0B, 0x1A0B, 0x1A0B, 0x1A0B,
        0xBACC, 0xFB0C, 0xF30C, 0xFB0C, 0xFB0C, 0xFB0C, 0xFB0C, 0xF30C, 0x94D6, 0x8D78, 0xBE9C, 0xB69C,
        0xB69C, 0xB67C, 0xA5D9, 0xAE9D, 0xD4D5, 0xFACB, 0xFB0C, 0xFB0C, 0xFB0C, 0xFB0C, 0xFB0C, 0xFB0C,
        0xE1C8, 0xE1E9, 0xFAEC, 0xE2EC, 0x320B, 0x1A0B, 0x220B, 0x1A0B, 0x1A0B, 0x1A0B, 0x1A0B, 0x1A0B,
        0x1A0B, 0x1A0B, 0x1A0B, 0x1A0B, 0x1A0B, 0x1A0B, 0x1A0B, 0x1A0B, 0x1A0B, 0x1A0B, 0x1A0B, 0x1A0B,
        0xC2CC, 0xFB0C, 0xF30C, 0xFB0C, 0xFB0C, 0xFB0C, 0xFAEC, 0xF32D, 0x8CF6, 0x9599, 0xBE9C, 0xB69C,
        0xB69C, 0xB69C, 0xBE9C, 0xB6DD, 0xD536, 0xFACB, 0xFB0C, 0xFB0C, 0xFB0C, 0xFB0C, 0xFB0C, 0xFB0C,
        0xE1C8, 0xE1E9, 0xF2EC, 0xFB0C, 0xDAEC, 0xBAAC, 0xBAAC, 0xBAAC, 0xBAAC, 0xBAAC, 0xBAAC, 0xBAAC,
        0xBAAC, 0xBAAC, 0xBAAC, 0xBAAC, 0xBAAC, 0xBAAC, 0xBAAC, 0xBAAC, 0xBAAC, 0xBAAC, 0xBAAC, 0xD2CC,
        0xFB0C, 0xFB0C, 0xFB0C, 0xFB0C, 0xFB0C, 0xFB0C, 0xFB0C, 0xFB0C, 0x94D5, 0x8D78, 0xBE7C, 0xB69C,
        0xB69C, 0xB69C, 0xBE7C, 0xB6DD, 0xDCB4, 0xFACB, 0xFB0C, 0xFB0C, 0xFB0C, 0xFB0C, 0xFB0C, 0xFB0C,
        0xE1C8, 0xE1E9, 0xFAEC, 0xFB0C, 0xFB0C, 0xFB0C, 0xFB0C, 0xFB0C, 0xFB0C, 0xFB0C, 0xFB0C, 0xFB0C,
        0xFB0C, 0xFB0C, 0xFB0C, 0xFB0C, 0xFB0C, 0xFB0C, 0xFB0C, 0xFB0C, 0xFB0C, 0xFB0C, 0xFB0C, 0xFB0C,
        0xFB0C, 0xFB0C, 0xFB0C, 0xFB0C, 0xFB0C, 0xFB0C, 0xF30C, 0xFAEB, 0xC3F1, 0x7D58, 0xAE1A, 0xBE9C,
        0xB67C, 0xBE7C, 0xB6BD, 0xBE7C, 0xF34E, 0xFAEC, 0xFB0C, 0xFB0C, 0xFB0C, 0xFB0C, 0xFB0C, 0xFB0C,
        0xE1C8, 0xE1E9, 0xFAEC, 0xFB0C, 0xF30C, 0xF30C, 0xF30C, 0xF30C, 0xF2EC, 0xDAEC, 0xDACC, 0xD2CC,
        0xD2CC, 0xD2CC, 0xD2CC, 0xD2CC, 0xD2CC, 0xDACC, 0xDACC, 0xEAEC, 0xF30C, 0xF30C, 0xF30C, 0xF30C,
        0xFB0C, 0xFB0C, 0xFB0C, 0xFB0C, 0xFB0C, 0xFB0C, 0xFB0C, 0xFB0C, 0xFAEC, 0xB453, 0x8578, 0xA65C,
        0xB6BD, 0xB6DD, 0xB67C, 0xE411, 0xFACB, 0xFB0C, 0xFB0C, 0xFB0C, 0xFB0C, 0xFB0C, 0xFB0C, 0xFB0C,
        0xE1C8, 0xE1E9, 0xFAEC, 0xFB0C, 0xFB0C, 0xFB0C, 0xF30C, 0xFB0C, 0xAAAC, 0x11EB, 0x220B, 0x2A0B,
        0x2A0B, 0x2A0B, 0x2A0B, 0x2A0B, 0x2A0B, 0x220B, 0x09EB, 0x826B, 0xFB0C, 0xF30C, 0xFB0C, 0xFB0C,
        0xFB0C, 0xFB0C, 0xFB0C, 0xFB0C, 0xFB0C, 0xFB0C, 0xFB0C, 0xFB0C, 0xFB0C, 0xFAEC, 0xD38F, 0xB453,
        0xBD16, 0xD4F5, 0xEB6E, 0xFACB, 0xFB0C, 0xFB0C, 0xFB0C, 0xFB0C, 0xFB0C, 0xFB0C, 0xFB0C, 0xFB0C,
        0xE1C8, 0xE1E9, 0xFAEC, 0xFB0C, 0xFB0C, 0xFB0C, 0xFB0C, 0xFB0C, 0xEAEC, 0x8A8C, 0x422B, 0x220B,
        0x1A0B, 0x120B, 0x120B, 0x1A0B, 0x1A0B, 0x3A2B, 0x726B, 0xDAEC, 0xFB0C, 0xFB0C, 0xFB0C, 0xFB0C,
        0xFB0C, 0xFB0C, 0xFB0C, 0xFB0C, 0xFB0C, 0xFB0C, 0xFB0C, 0xFB0C, 0xFB0C, 0xFB0C, 0xFAEC, 0xFACB,
        0xFACB, 0xFACB, 0xFAEC, 0xFB0C, 0xFB0C, 0xFB0C, 0xFB0C, 0xFB0C, 0xFB0C, 0xFB0C, 0xFB0C, 0xFB0C,
        0xE1C8, 0xE1E9, 0xFAEC, 0xFB0C, 0xFB0C, 0xFB0C, 0xFB0C, 0xFB0C, 0xFB0C, 0xFB0C, 0xF30C, 0xD2CC,
        0xAAAC, 0x9A8C, 0x9A8C, 0xA2AC, 0xC2CC, 0xEAEC, 0xFB0C, 0xFB0C, 0xFB0C, 0xFB0C, 0xFB0C, 0xFB0C,
        0xFB0C, 0xFB0C, 0xFB0C, 0xFB0C, 0xFB0C, 0xFB0C, 0xFB0C, 0xFB0C, 0xFB0C, 0xFB0C, 0xFB0C, 0xF30C,
        0xFB0C, 0xFB0C, 0xFB0C, 0xFB0C, 0xFB0C, 0xFB0C, 0xFB0C, 0xFB0C, 0xFB0C, 0xFB0C, 0xFB0C, 0xFAEC,
        0xE1C8, 0xE9C9, 0xF2CB, 0xFB0C, 0xFAEC, 0xFB0C, 0xFB0C, 0xFB0C, 0xFB0C, 0xF30C, 0xFB0C, 0xFB0C,
        0xFB0C, 0xFB0C, 0xFB0C, 0xFB0C, 0xFB0C, 0xFB0C, 0xF30C, 0xFB0C, 0xFB0C, 0xFB0C, 0xFB0C, 0xFB0C,
        0xFB0C, 0xFB0C, 0xFB0C, 0xFB0C, 0xFB0C, 0xFB0C, 0xFB0C, 0xFB0C, 0xFB0C, 0xFB0C, 0xFB0C, 0xFB0C,
        0xFB0C, 0xFB0C, 0xFB0C, 0xFB0C, 0xFB0C, 0xFB0C, 0xFB0C, 0xFB0C, 0xFB0C, 0xFB0C, 0xFB0D, 0xFAEC,
        0xE1C9, 0xE9C9, 0xEA2A, 0xFB0C, 0xFAEC, 0xFAEC, 0xFAEC, 0xFAEC, 0xFAEC, 0xFAEC, 0xF2EC, 0xF2EC,
        0xF2EC, 0xF2EC, 0xF2EC, 0xF2EC, 0xF2EC, 0xF2EC, 0xFAEC, 0xFAEC, 0xFAEC, 0xFAEC, 0xFAEC, 0xFAEC,
        0xFAEC, 0xFAEC, 0xFAEC, 0xFAEC, 0xFAEC, 0xFAEC, 0xFAEC, 0xFAEC, 0xFAEC, 0xFAEC, 0xFAEC, 0xFAEC,
        0xFAEC, 0xFAEC, 0xFAEC, 0xFAEC, 0xFAEC, 0xFAEC, 0xFAEC, 0xFAEC, 0xFAEC, 0xFB0C, 0xFB2D, 0xFB0C,
        0x0000, 0xE1C9, 0xF1C9, 0xFA8B, 0xFB2D, 0xFB2D, 0xFB2D, 0xFB2D, 0xFB2D, 0xFB2D, 0xFB2D, 0xFB2D,
        0xFB2D, 0xFB2D, 0xFB2D, 0xFB2D, 0xFB2D, 0xFB2D, 0xFB2D, 0xFB2D, 0xFB2D, 0xFB2D, 0xFB2D, 0xFB2D,
        0xFB2D, 0xFB2D, 0xFB2D, 0xFB2D, 0xFB2D, 0xFB2D, 0xFB2D, 0xFB2D, 0xFB2D, 0xFB2D, 0xFB2D, 0xFB2D,
        0xFB2D, 0xFB2D, 0xFB2D, 0xFB2D, 0xFB2D, 0xFB2D, 0xFB2D, 0xFB2D, 0xFB2D, 0xFB2D, 0xFAEC, 0x0000,
        0xFBEF, 0x0000, 0xE1E9, 0xE9C8, 0xEA2A, 0xF2CB, 0xFAEC, 0xFB0C, 0xFB0C, 0xFB0C, 0xFB0C, 0xFB0C,
        0xFB0C, 0xFB0C, 0xFB0C, 0xFB0C, 0xFB0C, 0xFB0C, 0xFB0C, 0xFB0C, 0xFB0C, 0xFB0C, 0xFB0C, 0xFB0C,
        0xFB0C, 0xFB0C, 0xFB0C, 0xFB0C, 0xFB0C, 0xFB0C, 0xFB0C, 0xFB0C, 0xFB0C, 0xFB0C, 0xFB0C, 0xFB0C,
        0xFB0C, 0xFB0C, 0xFB0C, 0xFB0C, 0xFB0C, 0xFB0C, 0xFB0C, 0xFB0C, 0xFB0C, 0xF2EC, 0x0000, 0xFBEF,
        0x0000, 0xAAAA, 0x0000, 0x0000, 0x0000, 0x0000, 0x0000, 0xF800, 0xF800, 0xF800, 0xF800, 0xF800,
        0xF800, 0xF800, 0xF800, 0xF800, 0xF800, 0xF800, 0xF800, 0xF800, 0xF800, 0xF800, 0xF800, 0xF800,
        0xF800, 0xF800, 0xF800, 0xF800, 0xF800, 0xF800, 0xF800, 0xF800, 0xF800, 0xF800, 0xF800, 0xF800,
        0xF800, 0xF800, 0xF800, 0xF800, 0xF800, 0x0000, 0x0000, 0x0000, 0x0000, 0x0000, 0xFBEF, 0x0000,
    },
    // tetris
    {
        0x0000, 0x0000, 0x0000, 0x0000, 0x0000, 0x0000, 0x0000, 0x0000, 0x0000, 0x0000, 0x0000, 0x0000,
        0x0000, 0x0000, 0x0000, 0x0000, 0x0000, 0x0000, 0x0000, 0x0000, 0x0000, 0x0000, 0x0000, 0x0000,
        0x0000, 0x0000, 0x0000, 0x0000, 0x0000, 0x0000, 0x0000, 0x0000, 0x0000, 0x0000, 0x0000, 0x0000,
        0x0000, 0x0000, 0x0000, 0x0000, 0x0000, 0x0000, 0x0000, 0x0000, 0x0000, 0x0000, 0x0000, 0x0000,
        0x0000, 0x0000, 0x2041, 0x2041, 0x2041, 0x2041, 0x2041, 0x2041, 0x2041, 0x2041, 0x2042, 0x0800,
        0x0000, 0x2041, 0x2042, 0x2041, 0x2041, 0x2041, 0x2041, 0x2041, 0x2041, 0x2042, 0x1821, 0x0000,
        0x0000, 0x0000, 0x0000, 0x0000, 0x0000, 0x0000, 0x0000, 0x0000, 0x0000, 0x0000, 0x0000, 0x0000,
        0x0000, 0x0000, 0x0000, 0x0000, 0x0000, 0x0000, 0x0000, 0x0000, 0x0000, 0x0000, 0x0000, 0x0000,
        0x0000, 0x2041, 0xF9EC, 0xF9EC, 0xF9EC, 0xF9EC, 0xF9EC, 0xF9EC, 0xF9EC, 0xF9CC, 0xF9ED, 0x4063,
        0x0000, 0xD98A, 0xF9ED, 0xF9EC, 0xF9EC, 0xF9EC, 0xF9EC, 0xF9EC, 0xF9CC, 0xF9ED, 0xC169, 0x0000,
        0x0000, 0x0000, 0x0000, 0x0000, 0x0000, 0x0000, 0x0000, 0x0000, 0x0000, 0x0000, 0x0000, 0x0000,
        0x0000, 0x0000, 0x0000, 0x0000, 0x0000, 0x0000, 0x0000, 0x0000, 0x0000, 0x0000, 0x0000, 0x0000,
        0x0000, 0x2041, 0xF9EC, 0xF9EC, 0xF9EC, 0xF9EC, 0xF9EC, 0xF9EC, 0xF9EC, 0xF9CC, 0xF9ED, 0x4063,
        0x0000, 0xD98A, 0xF9ED, 0xF9EC, 0xF9EC, 0xF9EC, 0xF9EC, 0xF9EC, 0xF9CC, 0xF9ED, 0xC169, 0x0000,
        0x0000, 0x0000, 0x0000, 0x0000, 0x0000, 0x0000, 0x0000, 0x0000, 0x0000, 0x0000, 0x0000, 0x0000,
        0x0000, 0x0000, 0x0000, 0x0000, 0x0000, 0x0000, 0x0000, 0x0000, 0x0000, 0x0000, 0x0000, 0x0000,
        0x0000, 0x2041, 0xF9EC, 0xF9EC, 0xF9EC, 0xF9EC, 0xF9EC, 0xF9EC, 0xF9EC, 0xF9CC, 0xF9ED, 0x4063,
        0x0000, 0xD98A, 0xF9ED, 0xF9EC, 0xF9EC, 0xF9EC, 0xF9EC, 0xF9EC, 0xF9CC, 0xF9ED, 0xC169, 0x0000,
        0x0000, 0x0000, 0x0000, 0x0000, 0x0000, 0x0000, 0x0000, 0x0000, 0x0000, 0x0000, 0x0000, 0x0000,
        0x0000, 0x0000, 0x0000, 0x0000, 0x0000, 0x0000, 0x0000, 0x0000, 0x0000, 0x0000, 0x0000, 0x0000,
        0x0000, 0x2041, 0xF9EC, 0xF9EC, 0xF9EC, 0xF9EC, 0xF9EC, 0xF9EC, 0xF9EC, 0xF9CC, 0xF9ED, 0x4063,
        0x0000, 0xD98A, 0xF9ED, 0xF9EC, 0xF9EC, 0xF9EC, 0xF9EC, 0xF9EC, 0xF9CC, 0xF9ED, 0xC169, 0x0000,
        0x0000, 0x0000, 0x0000, 0x0000, 0x0000, 0x0000, 0x0000, 0x0000, 0x0000, 0x0000, 0x0000, 0x0000,
        0x0000, 0x0000, 0x0000, 0x0000, 0x0000, 0x0000, 0x0000, 0x0000, 0x0000, 0x0000, 0x0000, 0x0000,
        0x0000, 0x2041, 0xF9EC, 0xF9EC, 0xF9EC, 0xF9EC, 0xF9EC, 0xF9EC, 0xF9EC, 0xF9CC, 0xF9ED, 0x4063,
        0x0000, 0xD98A, 0xF9ED, 0xF9EC, 0xF9EC, 0xF9EC, 0xF9EC, 0xF9EC, 0xF9CC, 0xF9ED, 0xC169, 0x0000,
        0x0000, 0x0000, 0x0000, 0x0000, 0x0000, 0x0000, 0x0000, 0x0000, 0x0000, 0x0000, 0x0000, 0x0000,
        0x0000, 0x0000, 0x0000, 0x0000, 0x0000, 0x0000, 0x0000, 0x0000, 0x0000, 0x0000, 0x0000, 0x0000,
        0x0000, 0x2041, 0xF9EC, 0xF9EC, 0xF9EC, 0xF9EC, 0xF9EC, 0xF9EC, 0xF9EC, 0xF9CC, 0xF9ED, 0x4063,
        0x0000, 0xD98A, 0xF9ED, 0xF9EC, 0xF9EC, 0xF9EC, 0xF9EC, 0xF9EC, 0xF9CC, 0xF9ED, 0xC169, 0x0000,
        0x0000, 0x0000, 0x0000, 0x0000, 0x0000, 0x0000, 0x0000, 0x0000, 0x0000, 0x0000, 0x0000, 0x0000,
        0x0000, 0x0000, 0x0000, 0x0000, 0x0000, 0x0000, 0x0000, 0x0000, 0x0000, 0x0000, 0x0000, 0x0000,
        0x0000, 0x2041, 0xF9EC, 0xF9EC, 0xF9EC, 0xF9EC, 0xF9EC, 0xF9EC, 0xF9EC, 0xF9CC, 0xF9ED, 0x4063,
        0x0000, 0xD98A, 0xF9ED, 0xF9EC, 0xF9EC, 0xF9EC, 0xF9EC, 0xF9EC, 0xF9CC, 0xF9ED, 0xC169, 0x0000,
        0x0000, 0x0000, 0x0000, 0x0000, 0x0000, 0x0000, 0x0000, 0x0000, 0x0000, 0x0000, 0x0000, 0x0000,
        0x0000, 0x0000, 0x0000, 0x0000, 0x0000, 0x0000, 0x0000, 0x0000, 0x0000, 0x0000, 0x0000, 0x0000,
        0x0000, 0x2041, 0xF9CC, 0xF9CC, 0xF9EC, 0xF9EC, 0xF9CC, 0xF9EC, 0xF9EC, 0xF9CC, 0xF9EC, 0x4063,
        0x0000, 0xD18A, 0xF9EC, 0xF1CC, 0xF9CC, 0xF9CC, 0xF9CC, 0xF9CC, 0xF1CC, 0xF9ED, 0xC169, 0x0000,
        0x0000, 0x0000, 0x0000, 0x0000, 0x0000, 0x0000, 0x0000, 0x0000, 0x0000, 0x0000, 0x0000, 0x0000,
        0x0000, 0x0000, 0x0000, 0x0000, 0x0000, 0x0000, 0x0000, 0x0000, 0x0000, 0x0000, 0x0000, 0x0000,
        0x0000, 0x2842, 0xFA0D, 0xF9ED, 0xF9EC, 0xF9EC, 0xFA0D, 0xF9EC, 0xF9EC, 0xF9ED, 0xFA2E, 0x4083,
        0x0000, 0xE9AB, 0xFA0E, 0xFA0D, 0xFA0D, 0xFA0D, 0xFA0D, 0xFA0D, 0xF9ED, 0xFA2E, 0xD18A, 0x0000,
        0x0000, 0x0000, 0x0000, 0x0000, 0x0000, 0x0000, 0x0000, 0x0000, 0x0000, 0x0000, 0x0000, 0x0000,
        0x0000, 0x0000, 0x0000, 0x0000, 0x0000, 0x0000, 0x0000, 0x0000, 0x0000, 0x0000, 0x0000, 0x0000,
        0x0000, 0x1021, 0x8906, 0xB148, 0xF9ED, 0xE9CB, 0x9927, 0xE1AB, 0xF9ED, 0xB969, 0x8907, 0x2041,
        0x0000, 0x70C5, 0x8907, 0x8106, 0x8906, 0x8906, 0x8906, 0x8906, 0x80E6, 0x8907, 0x68C5, 0x0000,
        0x0000, 0x0000, 0x0000, 0x0000, 0x0000, 0x0000, 0x0000, 0x0000, 0x0000, 0x0000, 0x0000, 0x0000,
        0x0000, 0x0020, 0x0020, 0x0020, 0x0020, 0x0020, 0x0020, 0x0020, 0x0020, 0x0020, 0x0000, 0x0000,
        0x0000, 0x0000, 0x0000, 0x0000, 0xF9ED, 0xB148, 0x0000, 0x8906, 0xFA0D, 0x1021, 0x0000, 0x0000,
        0x0000, 0x0000, 0x0000, 0x0000, 0x0000, 0x0000, 0x0000, 0x0000, 0x0000, 0x0000, 0x0000, 0x0000,
        0x0000, 0x0000, 0x0000, 0x0000, 0x0000, 0x0000, 0x0000, 0x0000, 0x0000, 0x0000, 0x0000, 0x0000,
        0x0000, 0x0000, 0x0000, 0x0000, 0x0000, 0x0000, 0x0000, 0x0000, 0x0000, 0x0000, 0x0000, 0x0000,
        0x0000, 0x1821, 0x9927, 0xC169, 0xF9ED, 0xF1CC, 0xA948, 0xE9AB, 0xF9ED, 0xC169, 0x9928, 0x2842,
        0x0000, 0x0800, 0x0800, 0x0800, 0x0800, 0x0800, 0x0800, 0x0800, 0x0800, 0x0800, 0x0000, 0x0000,
        0x0000, 0x0000, 0x0000, 0x0000, 0x0000, 0x0000, 0x0000, 0x0000, 0x0000, 0x0000, 0x0000, 0x0000,
        0x3948, 0x6A70, 0x624F, 0x6A4F, 0x6A4F, 0x6A4F, 0x6A4F, 0x6A4F, 0x6A4F, 0x6A4F, 0x0842, 0x0000,
        0x0000, 0x2842, 0xFA0D, 0xF9ED, 0xF9EC, 0xF9EC, 0xFA0D, 0xF9EC, 0xF9EC, 0xF9ED, 0xFA0E, 0x4083,
        0x0000, 0x1841, 0x0000, 0x0000, 0x0000, 0x0000, 0x0000, 0x0000, 0x0000, 0x0000, 0x0000, 0x0000,
        0x0000, 0x0000, 0x0000, 0x0000, 0x0000, 0x0000, 0x0000, 0x0000, 0x0000, 0x0000, 0x0020, 0x0000,
        0x622E, 0xC47D, 0xB41B, 0xBC1B, 0xBC1B, 0xBC1B, 0xBC1B, 0xBC1B, 0xBC1B, 0xBC1B, 0x1884, 0x0000,
        0x0000, 0x2041, 0xF9CC, 0xF9CC, 0xF9EC, 0xF9EC, 0xF9CC, 0xF9EC, 0xF9EC, 0xF9CC, 0xF9EC, 0x4063,
        0x0000, 0x1020, 0x0000, 0x0000, 0x0000, 0x0000, 0x0000, 0x0000, 0x0000, 0x0000, 0x0000, 0x0000,
        0x0000, 0x0000, 0x0000, 0x0000, 0x0000, 0x0000, 0x0000, 0x0000, 0x0000, 0x0000, 0x0020, 0x0000,
        0x5A0D, 0xB41B, 0xA3B9, 0xABD9, 0xABD9, 0xABD9, 0xABD9, 0xABD9, 0xABD9, 0xABD9, 0x1883, 0x0000,
        0x0000, 0x2041, 0xF9EC, 0xF9EC, 0xF9EC, 0xF9EC, 0xF9EC, 0xF9EC, 0xF9EC, 0xF9CC, 0xF9ED, 0x4063,
        0x0000, 0x1020, 0x0000, 0x0000, 0x0000, 0x0000, 0x0000, 0x0000, 0x0000, 0x0000, 0x0000, 0x0000,
        0x0000, 0x0000, 0x0000, 0x0000, 0x0000, 0x0000, 0x0000, 0x0000, 0x0000, 0x0000, 0x0020, 0x0000,
        0x5A0D, 0xBC1B, 0xABD9, 0xABD9, 0xABD9, 0xABD9, 0xABD9, 0xABD9, 0xABD9, 0xABD9, 0x1883, 0x0000,
        0x0000, 0x2041, 0xF9EC, 0xF9EC, 0xF9EC, 0xF9EC, 0xF9EC, 0xF9EC, 0xF9EC, 0xF9CC, 0xF9ED, 0x4063,
        0x0000, 0x1020, 0x0000, 0x0000, 0x0000, 0x0000, 0x0000, 0x0000, 0x0000, 0x0000, 0x0000, 0x0000,
        0x0000, 0x0000, 0x0000, 0x0000, 0x0000, 0x0000, 0x0000, 0x0000, 0x0000, 0x0000, 0x0020, 0x0000,
        0x5A0D, 0xBC1B, 0xABD9, 0xABD9, 0xABD9, 0xABD9, 0xABD9, 0xABD9, 0xABD9, 0xABD9, 0x1883, 0x0000,
        0x0000, 0x2041, 0xF9EC, 0xF9EC, 0xF9EC, 0xF9EC, 0xF9EC, 0xF9EC, 0xF9EC, 0xF9CC, 0xF9ED, 0x4063,
        0x0000, 0x1020, 0x0000, 0x0000, 0x0000, 0x0000, 0x0000, 0x0000, 0x0000, 0x0000, 0x0000, 0x0000,
        0x0000, 0x0000, 0x0000, 0x0000, 0x0000, 0x0000, 0x0000, 0x0000, 0x0000, 0x0000, 0x0020, 0x0000,
        0x5A0D, 0xBC1B, 0xABD9, 0xABD9, 0xABD9, 0xABD9, 0xABD9, 0xABD9, 0xABD9, 0xABD9, 0x1883, 0x0000,
        0x0000, 0x2041, 0xF9EC, 0xF9EC, 0xF9EC, 0xF9EC, 0xF9EC, 0xF9EC, 0xF9EC, 0xF9CC, 0xF9ED, 0x4063,
        0x0000, 0x1020, 0x0000, 0x0000, 0x0000, 0x0000, 0x0000, 0x0000, 0x0000, 0x0000, 0x0000, 0x0000,
        0x0000, 0x0000, 0x0000, 0x0000, 0x0000, 0x0000, 0x0000, 0x0000, 0x0000, 0x0000, 0x0020, 0x0000,
        0x5A0D, 0xBC1B, 0xABD9, 0xABD9, 0xABD9, 0xABD9, 0xABD9, 0xABD9, 0xABD9, 0xABD9, 0x1883, 0x0000,
        0x0000, 0x2041, 0xF9EC, 0xF9EC, 0xF9EC, 0xF9EC, 0xF9EC, 0xF9EC, 0xF9EC, 0xF9CC, 0xF9ED, 0x4063,
        0x0000, 0x1020, 0x0000, 0x0000, 0x0000, 0x0000, 0x0000, 0x0000, 0x0000, 0x0000, 0x0000, 0x0000,
        0x0000, 0x0000, 0x0000, 0x0000, 0x0000, 0x0000, 0x0000, 0x0000, 0x0000, 0x0000, 0x0020, 0x0000,
        0x5A0D, 0xBC1B, 0xABD9, 0xABD9, 0xABD9, 0xABD9, 0xABD9, 0xABD9, 0xABD9, 0xABD9, 0x1883, 0x0000,
        0x0000, 0x2041, 0xF9EC, 0xF9EC, 0xF9EC, 0xF9EC, 0xF9EC, 0xF9EC, 0xF9EC, 0xF9EC, 0xFA0D, 0x4063,
        0x0000, 0x1020, 0x0000, 0x0000, 0x0000, 0x0000, 0x0000, 0x0000, 0x0000, 0x0000, 0x0000, 0x0000,
        0x0000, 0x0000, 0x0000, 0x0000, 0x0000, 0x0000, 0x0000, 0x0000, 0x0000, 0x0000, 0x0020, 0x0000,
        0x5A0E, 0xBC3C, 0xABD9, 0xABDA, 0xABDA, 0xABDA, 0xABDA, 0xABDA, 0xABDA, 0xABDA, 0x1883, 0x0000,
        0x0000, 0x2041, 0xF1CC, 0xF1CC, 0xF1CC, 0xF1CC, 0xF1CC, 0xF1CC, 0xF1CC, 0xF1CC, 0xF9EC, 0x3863,
        0x0000, 0x1020, 0x0000, 0x0000, 0x0000, 0x0000, 0x0000, 0x0000, 0x0000, 0x0000, 0x0000, 0x0000,
        0x0000, 0x18E3, 0x18E3, 0x18E3, 0x18E3, 0x18E3, 0x18E3, 0x18E3, 0x10A2, 0x18E3, 0x0821, 0x0000,
        0x5A0D, 0xB41B, 0xA3B8, 0xABB9, 0xABB9, 0xABB9, 0xABB9, 0xABB9, 0xABB9, 0xABB9, 0x1883, 0x0000,
        0x0000, 0x0000, 0x1821, 0x1821, 0x1821, 0x1821, 0x1821, 0x1821, 0x1821, 0x1821, 0x1821, 0x0000,
        0x0000, 0x0000, 0x0000, 0x0000, 0x0000, 0x0000, 0x0000, 0x0000, 0x0000, 0x0000, 0x0000, 0x0000,
        0x0000, 0x0000, 0x0000, 0x0000, 0x0000, 0x0000, 0x0000, 0x0000, 0x0000, 0x0000, 0x0000, 0x0000,
        0x0021, 0x0842, 0x0842, 0x0842, 0x0842, 0x0842, 0x0842, 0x0842, 0x0842, 0x0842, 0x0000, 0x0000,
        0x0000, 0x0000, 0x0000, 0x0000, 0x0000, 0x0000, 0x0000, 0x0000, 0x0000, 0x0000, 0x0000, 0x0000,
        0x0000, 0x0000, 0x0000, 0x0000, 0x0000, 0x0000, 0x0000, 0x0000, 0x0000, 0x0000, 0x0000, 0x0000,
        0x0021, 0x1063, 0x1062, 0x1062, 0x1062, 0x1062, 0x1062, 0x1062, 0x1062, 0x1063, 0x0841, 0x0000,
        0x0821, 0x0842, 0x0842, 0x0842, 0x0842, 0x0842, 0x0842, 0x0842, 0x0842, 0x0842, 0x0000, 0x0000,
        0x0000, 0x0000, 0x3803, 0x3803, 0x3803, 0x3803, 0x3803, 0x3803, 0x3803, 0x3803, 0x3803, 0x0000,
        0x0000, 0x0000, 0x0000, 0x0000, 0x0000, 0x0000, 0x0000, 0x0000, 0x0000, 0x0000, 0x0841, 0x0000,
        0x3948, 0xB3FA, 0xA3B8, 0xABB9, 0xABB9, 0xABB9, 0xABB9, 0xABB9, 0xA3B8, 0xB41A, 0x624F, 0x0000,
        0x5A0D, 0xB41B, 0xA3B8, 0xABB9, 0xABB9, 0xABB9, 0xABB9, 0xABB9, 0xABB9, 0xABB9, 0x1883, 0x0000,
        0x0000, 0x0000, 0x0000, 0x0000, 0x0000, 0x0000, 0x0000, 0x0000, 0x0000, 0x0000, 0x0000, 0x0000,
        0x0000, 0x0000, 0x0000, 0x0000, 0x0000, 0x0000, 0x0000, 0x0000, 0x0000, 0x0000, 0x0841, 0x0000,
        0x3949, 0xBC1B, 0xABD9, 0xABDA, 0xABDA, 0xABDA, 0xABDA, 0xABDA, 0xABD9, 0xBC3B, 0x6A4F, 0x0000,
        0x622E, 0xBC3C, 0xABD9, 0xABDA, 0xABDA, 0xABDA, 0xABDA, 0xABDA, 0xABDA, 0xABDA, 0x1883, 0x0000,
        0x0000, 0x0000, 0x0000, 0x0000, 0x0000, 0x0000, 0x0000, 0x0000, 0x0000, 0x0000, 0x0000, 0x0000,
        0x0000, 0x0000, 0x0000, 0x0000, 0x0000, 0x0000, 0x0000, 0x0000, 0x0000, 0x0000, 0x0841, 0x0000,
        0x3948, 0xB41B, 0xABD9, 0xABD9, 0xABD9, 0xABD9, 0xABD9, 0xABD9, 0xABD9, 0xBC1B, 0x6A4F, 0x0000,
        0x5A0E, 0xBC1B, 0xABD9, 0xABD9, 0xABD9, 0xABD9, 0xABD9, 0xABD9, 0xABD9, 0xABD9, 0x1883, 0x0000,
        0x0000, 0x0000, 0x0000, 0x0000, 0x0000, 0x0000, 0x0000, 0x0000, 0x0000, 0x0000, 0x0000, 0x0000,
        0x0000, 0x0000, 0x0000, 0x0000, 0x0000, 0x0000, 0x0000, 0x0000, 0x0000, 0x0000, 0x0841, 0x0000,
        0x3948, 0xBC1B, 0xABD9, 0xABD9, 0xABD9, 0xABD9, 0xABD9, 0xABD9, 0xABD9, 0xBC1B, 0x6A4F, 0x0000,
        0x5A0E, 0xBC1B, 0xABD9, 0xABD9, 0xABD9, 0xABD9, 0xABD9, 0xABD9, 0xABD9, 0xABD9, 0x1883, 0x0000,
        0x0000, 0x0000, 0x0000, 0x0000, 0x0000, 0x0000, 0x0000, 0x0000, 0x0000, 0x0000, 0x0000, 0x0000,
        0x0000, 0x0000, 0x0000, 0x0000, 0x0000, 0x0000, 0x0000, 0x0000, 0x0000, 0x0000, 0x0841, 0x0000,
        0x3948, 0xBC1B, 0xABD9, 0xABD9, 0xABD9, 0xABD9, 0xABD9, 0xABD9, 0xABD9, 0xBC1B, 0x6A4F, 0x0000,
        0x5A0E, 0xBC1B, 0xABD9, 0xABD9, 0xABD9, 0xABD9, 0xABD9, 0xABD9, 0xABD9, 0xABD9, 0x1883, 0x0000,
        0x0000, 0x0000, 0x0000, 0x0000, 0x0000, 0x0000, 0x0000, 0x0000, 0x0000, 0x0000, 0x0000, 0x0000,
        0x0000, 0x0000, 0x0000, 0x0000, 0x0000, 0x0000, 0x0000, 0x0000, 0x0000, 0x0000, 0x0841, 0x0000,
        0x3948, 0xBC1B, 0xABD9, 0xABD9, 0xABD9, 0xABD9, 0xABD9, 0xABD9, 0xABD9, 0xBC1B, 0x6A4F, 0x0000,
        0x5A0E, 0xBC1B, 0xABD9, 0xABD9, 0xABD9, 0xABD9, 0xABD9, 0xABD9, 0xABD9, 0xABD9, 0x1883, 0x0000,
        0x0000, 0x0000, 0x0000, 0x0000, 0x0000, 0x0000, 0x0000, 0x0000, 0x0000, 0x0000, 0x0000, 0x0000,
        0x0000, 0x0000, 0x0000, 0x0000, 0x0000, 0x0000, 0x0000, 0x0000, 0x0000, 0x0000, 0x0841, 0x0000,
        0x3948, 0xBC1B, 0xABD9, 0xABD9, 0xABD9, 0xABD9, 0xABD9, 0xABD9, 0xABD9, 0xBC1B, 0x6A4F, 0x0000,
        0x5A0E, 0xBC1B, 0xABD9, 0xABD9, 0xABD9, 0xABD9, 0xABD9, 0xABD9, 0xABD9, 0xABD9, 0x1883, 0x0000,
        0x0000, 0x0000, 0x0000, 0x0000, 0x0000, 0x0000, 0x0000, 0x0000, 0x0000, 0x0000, 0x0000, 0x0000,
        0x0000, 0x0000, 0x0000, 0x0000, 0x0000, 0x0000, 0x0000, 0x0000, 0x0000, 0x0000, 0x0841, 0x0000,
        0x3948, 0xB41B, 0xABB9, 0xABD9, 0xABD9, 0xABD9, 0xABD9, 0xABD9, 0xA3B9, 0xB41B, 0x6A4F, 0x0000,
        0x5A0D, 0xB41B, 0xA3B9, 0xABD9, 0xABD9, 0xABD9, 0xABD9, 0xABD9, 0xABD9, 0xABD9, 0x1883, 0x0000,
        0x0000, 0x0000, 0x0000, 0x0000, 0x0000, 0x0000, 0x0000, 0x0000, 0x0000, 0x0000, 0x0000, 0x0000,
        0x0000, 0x0000, 0x0000, 0x0000, 0x0000, 0x0000, 0x0000, 0x0000, 0x0000, 0x0000, 0x1042, 0x0000,
        0x4169, 0xC45D, 0xB41B, 0xBC1B, 0xBC1B, 0xBC1B, 0xBC1B, 0xBC1B, 0xB41B, 0xC47D, 0x7270, 0x0000,
        0x624F, 0xC47D, 0xB41B, 0xBC1B, 0xBC1B, 0xBC1B, 0xBC1B, 0xBC1B, 0xBC1B, 0xBC1B, 0x1884, 0x0000,
        0x0000, 0x0000, 0x0820, 0x0820, 0x0820, 0x0820, 0x0820, 0x0820, 0x0820, 0x0820, 0x0820, 0x0000,
        0x0000, 0x0820, 0x0820, 0x0820, 0x0820, 0x0820, 0x0820, 0x0820, 0x0820, 0x0820, 0x0820, 0x0000,
        0x20C5, 0x7290, 0x6A4F, 0x6A6F, 0x6A6F, 0x6A6F, 0x6A6F, 0x6A6F, 0x6A4F, 0x7290, 0x4169, 0x0000,
        0x3948, 0x7290, 0x6A4F, 0x6A4F, 0x6A4F, 0x6A4F, 0x6A4F, 0x6A4F, 0x6A4F, 0x6A4F, 0x1042, 0x0000,
        0x0000, 0x0000, 0x0000, 0x0000, 0x0000, 0x0000, 0x0000, 0x0000, 0x0000, 0x0000, 0x0000, 0x0000,
        0x0000, 0x0000, 0x0000, 0x0000, 0x0000, 0x0000, 0x0000, 0x0000, 0x0000, 0x0000, 0x0000, 0x0000,
        0x0000, 0x0000, 0x0000, 0x0000, 0x0000, 0x0000, 0x0000, 0x0000, 0x0000, 0x0000, 0x0000, 0x0000,
        0x0000, 0x0000, 0x0000, 0x0000, 0x0000, 0x0000, 0x0000, 0x0000, 0x0000, 0x0000, 0x0000, 0x0000,
        0x0000, 0x1081, 0x8B46, 0x8B46, 0x8B46, 0x8B46, 0x8B46, 0x8B46, 0x8B46, 0x8B46, 0x8B86, 0x20C1,
        0x0000, 0x72E5, 0x8B66, 0x8B46, 0x8B46, 0x8B46, 0x8B46, 0x8B46, 0x8346, 0x8B86, 0x6A85, 0x0000,
        0x3122, 0x8B87, 0x8B46, 0x8B66, 0x8B66, 0x8B66, 0x8B66, 0x8B66, 0x8B46, 0x8B87, 0x5204, 0x0000,
        0x3127, 0x624F, 0x5A0E, 0x5A0E, 0x5A0E, 0x5A0E, 0x5A0E, 0x5A0E, 0x5A0E, 0x5A0E, 0x0842, 0x0000,
        0x0000, 0x2902, 0xFEAD, 0xFEAD, 0xFEAD, 0xFEAD, 0xFEAD, 0xFEAD, 0xFEAD, 0xFE8C, 0xFEED, 0x41A3,
        0x0000, 0xEDAB, 0xFEED, 0xFE8C, 0xFEAD, 0xFEAD, 0xFEAD, 0xFEAD, 0xFE8C, 0xFF0D, 0xD52A, 0x0000,
        0x5A44, 0xFF0D, 0xFE8C, 0xFEAD, 0xFEAD, 0xFEAD, 0xFEAD, 0xFEAD, 0xFE8C, 0xFF2E, 0xA408, 0x0000,
        0x624F, 0xCC7D, 0xB41B, 0xBC1B, 0xBC1B, 0xBC1B, 0xBC1B, 0xBC1B, 0xBC1B, 0xBC1B, 0x1884, 0x0000,
        0x0000, 0x20E1, 0xFE2B, 0xFE2B, 0xFE2B, 0xFE2B, 0xFE2B, 0xFE2B, 0xFE2B, 0xFE0B, 0xFE6C, 0x4183,
        0x0000, 0xD54A, 0xFE4C, 0xFE0B, 0xFE2B, 0xFE2B, 0xFE2B, 0xFE2B, 0xF60B, 0xFE6C, 0xC4C9, 0x0000,
        0x5A24, 0xFE8C, 0xF60B, 0xFE2B, 0xFE2B, 0xFE2B, 0xFE2B, 0xFE2B, 0xF60B, 0xFE8C, 0x93A7, 0x0000,
        0x5A0D, 0xB41B, 0xA3B9, 0xABD9, 0xABD9, 0xABD9, 0xABD9, 0xABD9, 0xABD9, 0xABD9, 0x1883, 0x0000,
        0x0000, 0x20E1, 0xFE2C, 0xFE2C, 0xFE2C, 0xFE2C, 0xFE2C, 0xFE2C, 0xFE2C, 0xFE2C, 0xFE8C, 0x4183,
        0x0000, 0xDD4A, 0xFE6C, 0xFE2C, 0xFE2C, 0xFE2C, 0xFE2C, 0xFE2C, 0xFE2C, 0xFE8C, 0xC4E9, 0x0000,
        0x5A24, 0xFE8C, 0xFE2C, 0xFE2C, 0xFE2C, 0xFE2C, 0xFE2C, 0xFE2C, 0xFE2B, 0xFEAD, 0x9BC7, 0x0000,
        0x622E, 0xBC1B, 0xABD9, 0xABD9, 0xABD9, 0xABD9, 0xABD9, 0xABD9, 0xABD9, 0xABD9, 0x1883, 0x0000,
        0x0000, 0x20E1, 0xFE2C, 0xFE2C, 0xFE2C, 0xFE2C, 0xFE2C, 0xFE2C, 0xFE2C, 0xFE2C, 0xFE8C, 0x4183,
        0x0000, 0xDD4A, 0xFE6C, 0xFE2C, 0xFE2C, 0xFE2C, 0xFE2C, 0xFE2C, 0xFE2C, 0xFE8C, 0xC4E9, 0x0000,
        0x5A24, 0xFE8C, 0xFE2C, 0xFE2C, 0xFE2C, 0xFE2C, 0xFE2C, 0xFE2C, 0xFE2B, 0xFEAD, 0x9BC7, 0x0000,
        0x622E, 0xBC1B, 0xABD9, 0xABD9, 0xABD9, 0xABD9, 0xABD9, 0xABD9, 0xABD9, 0xABD9, 0x1883, 0x0000,
        0x0000, 0x20E1, 0xFE2C, 0xFE2C, 0xFE2C, 0xFE2C, 0xFE2C, 0xFE2C, 0xFE2C, 0xFE2C, 0xFE8C, 0x4183,
        0x0000, 0xDD4A, 0xFE6C, 0xFE2C, 0xFE2C, 0xFE2C, 0xFE2C, 0xFE2C, 0xFE2C, 0xFE8C, 0xC4E9, 0x0000,
        0x5A24, 0xFE8C, 0xFE2C, 0xFE2C, 0xFE2C, 0xFE2C, 0xFE2C, 0xFE2C, 0xFE2B, 0xFEAD, 0x9BC7, 0x0000,
        0x622E, 0xBC1B, 0xABD9, 0xABD9, 0xABD9, 0xABD9, 0xABD9, 0xABD9, 0xABD9, 0xABD9, 0x1883, 0x0000,
        0x0000, 0x20E1, 0xFE2C, 0xFE2C, 0xFE2C, 0xFE2C, 0xFE2C, 0xFE2C, 0xFE2C, 0xFE2C, 0xFE8C, 0x4183,
        0x0000, 0xDD4A, 0xFE6C, 0xFE2C, 0xFE2C, 0xFE2C, 0xFE2C, 0xFE2C, 0xFE2C, 0xFE8C, 0xC4E9, 0x0000,
        0x5A24, 0xFE8C, 0xFE2C, 0xFE2C, 0xFE2C, 0xFE2C, 0xFE2C, 0xFE2C, 0xFE2B, 0xFEAD, 0x9BC7, 0x0000,
        0x622E, 0xBC1B, 0xABD9, 0xABD9, 0xABD9, 0xABD9, 0xABD9, 0xABD9, 0xABD9, 0xABD9, 0x1883, 0x0000,
        0x0000, 0x20E1, 0xFE2C, 0xFE2C, 0xFE2C, 0xFE2C, 0xFE2C, 0xFE2C, 0xFE2C, 0xFE2C, 0xFE8C, 0x4183,
        0x0000, 0xDD4A, 0xFE6C, 0xFE2C, 0xFE2C, 0xFE2C, 0xFE2C, 0xFE2C, 0xFE2C, 0xFE8C, 0xC4E9, 0x0000,
        0x5A24, 0xFE8C, 0xFE2C, 0xFE2C, 0xFE2C, 0xFE2C, 0xFE2C, 0xFE2C, 0xFE2B, 0xFEAD, 0x9BC7, 0x0000,
        0x622E, 0xBC1B, 0xABD9, 0xABD9, 0xABD9, 0xABD9, 0xABD9, 0xABD9, 0xABD9, 0xABD9, 0x1883, 0x0000,
        0x0000, 0x20E1, 0xFE2C, 0xFE2C, 0xFE2C, 0xFE2C, 0xFE2C, 0xFE2C, 0xFE2C, 0xFE2C, 0xFE8C, 0x4183,
        0x0000, 0xDD4A, 0xFE6C, 0xFE2C, 0xFE2C, 0xFE2C, 0xFE2C, 0xFE2C, 0xFE2C, 0xFE8C, 0xC4E9, 0x0000,
        0x5A24, 0xFE8C, 0xFE2C, 0xFE2C, 0xFE2C, 0xFE2C, 0xFE2C, 0xFE2C, 0xFE2B, 0xFEAD, 0x9BC7, 0x0000,
        0x622E, 0xBC1B, 0xABD9, 0xABD9, 0xABD9, 0xABD9, 0xABD9, 0xABD9, 0xABD9, 0xABD9, 0x1883, 0x0000,
        0x0000, 0x20E1, 0xFE2C, 0xFE2C, 0xFE2C, 0xFE2C, 0xFE2C, 0xFE2C, 0xFE2C, 0xFE2C, 0xFE8C, 0x4183,
        0x0000, 0xDD4A, 0xFE6C, 0xFE2C, 0xFE2C, 0xFE2C, 0xFE2C, 0xFE2C, 0xFE2C, 0xFE8C, 0xC4E9, 0x0000,
        0x5A24, 0xFEAC, 0xFE2C, 0xFE2C, 0xFE2C, 0xFE2C, 0xFE2C, 0xFE2C, 0xFE2B, 0xFEAD, 0x9BC7, 0x0000,
        0x622E, 0xBC1B, 0xABD9, 0xABD9, 0xABD9, 0xABD9, 0xABD9, 0xABD9, 0xABD9, 0xABD9, 0x1883, 0x0000,
        0x0000, 0x0020, 0x20E1, 0x20E1, 0x20E1, 0x20E1, 0x20E1, 0x20E1, 0x20E1, 0x20E1, 0x20E1, 0x0840,
        0x0000, 0x20C1, 0x20E1, 0x20E1, 0x20E1, 0x20E1, 0x20E1, 0x20E1, 0x20E1, 0x2101, 0x18C1, 0x0000,
        0x0840, 0x2102, 0x20E1, 0x20E1, 0x20E1, 0x20E1, 0x20E1, 0x20E1, 0x20E1, 0x2102, 0x1081, 0x0000,
        0x0842, 0x18A4, 0x1883, 0x1883, 0x1883, 0x1883, 0x1883, 0x1883, 0x1883, 0x1883, 0x0000, 0x0000,
        0x0000, 0x0000, 0x0000, 0x0000, 0x0000, 0x0000, 0x0000, 0x0000, 0x0000, 0x0000, 0x0000, 0x0000,
        0x0000, 0x0000, 0x0000, 0x0000, 0x0000, 0x0000, 0x0000, 0x0000, 0x0000, 0x0000, 0x0000, 0x0000,
        0x0000, 0x0000, 0x0000, 0x0000, 0x0000, 0x0000, 0x0000, 0x0000, 0x0000, 0x0000, 0x0000, 0x0000,
        0x0000, 0x0000, 0x0000, 0x0000, 0x0000, 0x0000, 0x0000, 0x0000, 0x0000, 0x0000, 0x0000, 0x0000,
    },
    // snake
    {
        0x0000, 0x0000, 0x0000, 0x0000, 0x0000, 0x0000, 0x0000, 0x0000, 0x0000, 0x0000, 0x0000, 0x0000,
        0x0000, 0x0000, 0x0000, 0x0000, 0x0000, 0x0000, 0x0000, 0x5555, 0x0000, 0x0000, 0x0000, 0x7EB5,
        0x7E95, 0x7E95, 0x7E95, 0x7E94, 0x7E94, 0x7E94, 0x7E74, 0x7E94, 0x7E94, 0x7E94, 0x7E95, 0x7E95,
        0x7EB5, 0x86D5, 0x0000, 0x0000, 0xAFF5, 0x07E0, 0x0000, 0x0000, 0x0000, 0x0000, 0x0000, 0x0000,
        0x0000, 0x0000, 0x0000, 0x0000, 0x0000, 0x0000, 0x0000, 0x0000, 0x0000, 0x0000, 0x0000, 0x0000,
        0x0000, 0x0000, 0x0000, 0x0000, 0x0000, 0x0000, 0x5555, 0x0000, 0x6DB2, 0x7EB5, 0x7EB5, 0x7E95,
        0x86D5, 0x86D5, 0x7EB5, 0x7EB5, 0x7E95, 0x7E94, 0x7E94, 0x7E95, 0x7E95, 0x7EB5, 0x86D5, 0x86D6,
        0x7EB5, 0x7EB5, 0x7EB5, 0x7E95, 0x0000, 0x0000, 0xFFFF, 0x0000, 0x0000, 0x0000, 0x0000, 0x0000,
        0x0000, 0x0000, 0x0000, 0x0000, 0x0000, 0x0000, 0x0000, 0x0000, 0x0000, 0x0000, 0x0000, 0x0000,
        0x0000, 0x0000, 0x0000, 0x0000, 0x0000, 0x5555, 0x0000, 0x7633, 0x7EB5, 0x8716, 0x86D5, 0x7E94,
        0x7E74, 0x7E94, 0x7E94, 0x7E74, 0x7E94, 0x7E94, 0x7E94, 0x7E94, 0x7E94, 0x7E74, 0x7E74, 0x7E94,
        0x7E74, 0x7EB5, 0x86F6, 0x7EB5, 0x7EB5, 0x6DB2, 0x0000, 0xFFFF, 0x0000, 0x0000, 0x0000, 0x0000,
        0x0000, 0x0000, 0x0000, 0x0000, 0x0000, 0x0000, 0x0000, 0x0000, 0x0000, 0x0000, 0x0000, 0x0000,
        0x0000, 0x0000, 0x0000, 0x0000, 0x5555, 0x0000, 0x65F2, 0x7E95, 0x86D5, 0x7E74, 0x7E74, 0x7E94,
        0x7E94, 0x7E94, 0x7E94, 0x7E94, 0x7E94, 0x7E94, 0x7E94, 0x7E94, 0x7E94, 0x7E94, 0x7E94, 0x7E94,
        0x7E94, 0x7E74, 0x7E94, 0x7E74, 0x8716, 0x7EB5, 0x7E54, 0x7BEF, 0xFFFF, 0x0000, 0x0000, 0x0000,
        0x0000, 0x0000, 0x0000, 0x0000, 0x0000, 0x0000, 0x0000, 0x0000, 0x0000, 0x0000, 0x0000, 0x0000,
        0x0000, 0x0000, 0x0000, 0x554A, 0x0000, 0x65F2, 0x6E53, 0x7E95, 0x7E74, 0x7E94, 0x7E94, 0x7E94,
        0x7E94, 0x7E94, 0x7E94, 0x7E94, 0x7E94, 0x7E94, 0x7E94, 0x7E94, 0x7E94, 0x7E94, 0x7E94, 0x7E94,
        0x7E94, 0x7E94, 0x7E94, 0x7E94, 0x7E74, 0x8716, 0x7E74, 0x0000, 0x7FFF, 0x0000, 0x0000, 0x0000,
        0x0000, 0x0000, 0x0000, 0x0000, 0x0000, 0x0000, 0x0000, 0x0000, 0x0000, 0x0000, 0x0000, 0x0000,
        0x0000, 0x0000, 0x0000, 0xFFFF, 0x6DB2, 0x65F2, 0x7674, 0x7E94, 0x7E94, 0x7E94, 0x7E94, 0x7E94,
        0x7E94, 0x7E74, 0x7E94, 0x7E94, 0x7E94, 0x7E94, 0x7E94, 0x7E94, 0x7E94, 0x7E94, 0x7E94, 0x7E94,
        0x7E94, 0x7E94, 0x7E94, 0x7E74, 0x7E94, 0x7E74, 0x8716, 0x7E95, 0x0000, 0x7DEF, 0x0000, 0x0000,
        0x0000, 0x0000, 0x0000, 0x0000, 0x0000, 0x0000, 0x0000, 0x0000, 0x0000, 0x0000, 0x0000, 0x0000,
        0x0000, 0x0000, 0x7DEF, 0x0000, 0x6DF3, 0x6E54, 0x7653, 0x7E95, 0x7E94, 0x7E94, 0x7E94, 0x7E94,
        0x7E95, 0x7E95, 0x7E94, 0x7E94, 0x7E94, 0x7E74, 0x7E94, 0x7E94, 0x7E94, 0x7E94, 0x7E74, 0x7E94,
        0x7E94, 0x7E94, 0x7E95, 0x7E95, 0x7E94, 0x7E94, 0x86D5, 0x7E74, 0x7DF7, 0xFFFF, 0x0000, 0x0000,
        0x0000, 0x0000, 0x0000, 0x0000, 0x0000, 0x0000, 0x0000, 0x0000, 0x0000, 0x0000, 0x0000, 0x0000,
        0x0000, 0x0000, 0x5555, 0x0000, 0x6DF2, 0x6E53, 0x7674, 0x7E95, 0x7E94, 0x7E94, 0x7E95, 0x7E95,
        0x7E54, 0x7634, 0x7E95, 0x7E94, 0x7E94, 0x7E95, 0x7E74, 0x7E74, 0x7E94, 0x7E74, 0x7E95, 0x7E95,
        0x7E94, 0x7E95, 0x7E54, 0x7634, 0x7E95, 0x7E95, 0x7E74, 0x7EB5, 0x7E75, 0x0000, 0x5555, 0x0000,
        0x0000, 0x0000, 0x0000, 0x0000, 0x0000, 0x0000, 0x0000, 0x0000, 0x0000, 0x0000, 0x0000, 0x0000,
        0x0000, 0x07E0, 0x0000, 0x554F, 0x6DF3, 0x6E33, 0x7674, 0x7E95, 0x7E95, 0x7E94, 0x7674, 0x7ED5,
        0x5C2F, 0x536D, 0x7EB5, 0x7E74, 0x7E94, 0x7E54, 0x7EB5, 0x7E95, 0x7E94, 0x7ED5, 0x7E54, 0x7E74,
        0x7E74, 0x7ED5, 0x6490, 0x532C, 0x7694, 0x7674, 0x7E74, 0x86F6, 0x7E94, 0x0000, 0x7DF7, 0x0000,
        0x0000, 0x0000, 0x0000, 0x0000, 0x0000, 0x0000, 0x0000, 0x0000, 0x0000, 0x0000, 0x0000, 0x0000,
        0x0000, 0x7BEF, 0x0000, 0x6613, 0x6DF2, 0x6E13, 0x7654, 0x7E95, 0x7674, 0x7E95, 0x96D7, 0xA738,
        0x5BCE, 0x42CB, 0x7EB5, 0x7EB5, 0x75F3, 0x4A6B, 0x6490, 0x7E74, 0x7E74, 0x6D52, 0x4A6B, 0x64F1,
        0x7EB5, 0x86D5, 0x540E, 0x4A8B, 0x9EF7, 0x9EF7, 0x8695, 0x7EF5, 0x7E95, 0x0000, 0x7DF7, 0x0000,
        0x0000, 0x0000, 0x0000, 0x0000, 0x0000, 0x0000, 0x0000, 0x0000, 0x0000, 0x0000, 0x0000, 0x0000,
        0x0000, 0x7FEF, 0x0000, 0x6E13, 0x6DF2, 0x65F2, 0x7654, 0x7674, 0x96D7, 0xEFBE, 0xFFFF, 0xFFFF,
        0xE6FC, 0xA616, 0x7E94, 0x7E94, 0x7E95, 0x5C4F, 0x422A, 0x42AB, 0x42EB, 0x422A, 0x536D, 0x7634,
        0x7E95, 0x7694, 0x9636, 0xCE7A, 0xFFFF, 0xFFFF, 0xF7FF, 0xBF9A, 0x7674, 0x0000, 0x7DEF, 0x0000,
        0x0000, 0x0000, 0x0000, 0x0000, 0x0000, 0x0000, 0x0000, 0x0000, 0x0000, 0x0000, 0x0000, 0x0000,
        0x0000, 0x7BEF, 0x0000, 0x6DF3, 0x6DF2, 0x6DF2, 0x6E33, 0x8695, 0xF7DE, 0xFFFF, 0xFFFF, 0xFFFF,
        0xFFFF, 0xFFFF, 0x9EF7, 0x7674, 0x7E95, 0x7EF5, 0x9CD1, 0x9B0E, 0x932E, 0xA410, 0x7EB5, 0x7EB5,
        0x7E74, 0x8695, 0xFFFF, 0xFFFF, 0xFFFF, 0xFFFF, 0xFFFF, 0xFFFF, 0xA718, 0x0000, 0xBFF7, 0x0000,
        0x0000, 0x0000, 0x0000, 0x0000, 0x0000, 0x0000, 0x0000, 0x0000, 0x0000, 0x0000, 0x0000, 0x0000,
        0x0000, 0x7BEF, 0x0000, 0x6E32, 0x6DF2, 0x6E13, 0x65F2, 0x8EB6, 0xFFFF, 0xFFFF, 0xFFFF, 0xFFFF,
        0xFFFF, 0xFFFF, 0xBF3A, 0x7674, 0x7E75, 0x76B5, 0xB553, 0xEC11, 0xEC12, 0xCCB2, 0x7E95, 0x7E75,
        0x7674, 0x96D7, 0xFFFF, 0xFFFF, 0xFFFF, 0xFFFF, 0xFFFF, 0xFFFF, 0xDF9D, 0x0000, 0xFFFF, 0x0000,
        0x0000, 0x0000, 0x0000, 0x0000, 0x0000, 0x0000, 0x0000, 0x0000, 0x0000, 0x0000, 0x0000, 0x0000,
        0x0000, 0x0000, 0x0000, 0x5555, 0x6DF2, 0x6E33, 0x65F2, 0x7654, 0xDFBD, 0xFFFF, 0xFFFF, 0xFFFF,
        0xFFFF, 0xFFFF, 0x96B6, 0x7674, 0x7E74, 0x76B5, 0xAD33, 0xDBF1, 0xDBF1, 0xC492, 0x7E95, 0x7E94,
        0x7E94, 0x7E95, 0xE7BD, 0xFFFF, 0xFFFF, 0xFFFF, 0xFFFF, 0xFFFF, 0xA6F7, 0x0000, 0xBFF7, 0x0000,
        0x0000, 0x0000, 0x0000, 0x0000, 0x0000, 0x0000, 0x0000, 0x0000, 0x0000, 0x0000, 0x0000, 0x0000,
        0x0000, 0x0000, 0x7DEF, 0x0000, 0x65F2, 0x6E74, 0x6DF2, 0x6E13, 0x8695, 0xCF7B, 0xEFDE, 0xF7DE,
        0xDF9D, 0x9ED7, 0x7674, 0x7E95, 0x7E74, 0x76B5, 0xB533, 0xE3B1, 0xE3D1, 0xCC72, 0x7E95, 0x7E94,
        0x7E95, 0x7674, 0x86B5, 0xCF7B, 0xEFDE, 0xF7DE, 0xDF9C, 0x96F7, 0x5612, 0x0000, 0x7FEF, 0x0000,
        0x0000, 0x0000, 0x0000, 0x0000, 0x0000, 0x0000, 0x0000, 0x0000, 0x0000, 0x0000, 0x0000, 0x0000,
        0x0000, 0x0000, 0x5555, 0x0000, 0x6612, 0x6E53, 0x6DF2, 0x6DF2, 0x6E33, 0x7674, 0x7E95, 0x8695,
        0x7674, 0x7674, 0x7E95, 0x7E94, 0x7E74, 0x76B5, 0xAD53, 0xC4B2, 0xB513, 0xBCB2, 0x7E95, 0x7E94,
        0x7E94, 0x7E95, 0x7E74, 0x7674, 0x8695, 0x8695, 0x7ED5, 0x7674, 0xFFFF, 0x7FEF, 0x0000, 0x0000,
        0x0000, 0x0000, 0x0000, 0x0000, 0x0000, 0x0000, 0x0000, 0x0000, 0x0000, 0x0000, 0x0000, 0x0000,
        0x0000, 0x0000, 0x0000, 0x7FEF, 0x07FF, 0x65F2, 0x6E54, 0x65F2, 0x6DF2, 0x7654, 0x7E95, 0x7E74,
        0x7E94, 0x7E95, 0x7E94, 0x7E94, 0x7E94, 0x7E94, 0x7E74, 0x7E95, 0x76B5, 0x7E74, 0x7E94, 0x7E94,
        0x7E94, 0x7E94, 0x7E95, 0x7E95, 0x7E74, 0x7E94, 0x86F6, 0x7E95, 0x0000, 0xAD55, 0x0000, 0x0000,
        0x0000, 0x0000, 0x0000, 0x0000, 0x0000, 0x0000, 0x0000, 0x0000, 0x0000, 0x0000, 0x0000, 0x0000,
        0x0000, 0x0000, 0x0000, 0x7FEF, 0x07E0, 0x6612, 0x6E33, 0x6E33, 0x65F2, 0x65F2, 0x7654, 0x7E95,
        0x7E95, 0x7E94, 0x7E94, 0x7E94, 0x7E94, 0x7E94, 0x7E94, 0x7E74, 0x7E74, 0x7E94, 0x7E94, 0x7E94,
        0x7E94, 0x7E94, 0x7E94, 0x7E94, 0x7E94, 0x8736, 0x7E74, 0x0000, 0x5555, 0x0000, 0x0000, 0x0000,
        0x0000, 0x0000, 0x0000, 0x0000, 0x0000, 0x0000, 0x0000, 0x0000, 0x0000, 0x0000, 0x0000, 0x0000,
        0x0000, 0x0000, 0x0000, 0x0000, 0x7FEF, 0x0000, 0x6DF2, 0x6E33, 0x6E13, 0x6DF2, 0x65F2, 0x6E33,
        0x7E74, 0x7E95, 0x7E95, 0x7E94, 0x7E94, 0x7E94, 0x7E94, 0x7E94, 0x7E94, 0x7E94, 0x7E94, 0x7E94,
        0x7E74, 0x7E74, 0x7E74, 0x7EB5, 0x8716, 0x7E95, 0xFFFF, 0x5555, 0x07FF, 0x0000, 0x0000, 0x0000,
        0x0000, 0x0000, 0x0000, 0x0000, 0x0000, 0x0000, 0x0000, 0x0000, 0x0000, 0x0000, 0x0000, 0x0000,
        0x0000, 0x0000, 0x0000, 0x0000, 0x0000, 0x7DEF, 0x0000, 0x7633, 0x7653, 0x65F2, 0x65F2, 0x65F2,
        0x6DF2, 0x6E33, 0x7674, 0x7E94, 0x7E95, 0x7E95, 0x7E95, 0x7E95, 0x7E95, 0x7E95, 0x7E94, 0x7E94,
        0x7E95, 0x86D5, 0x86F6, 0x7EB5, 0x7E95, 0x0000, 0xFFFF, 0x07E0, 0x0000, 0x0000, 0x0000, 0x0000,
        0x0000, 0x0000, 0x0000, 0x0000, 0x0000, 0x0000, 0x0000, 0x0000, 0x0000, 0x0000, 0x0000, 0x0000,
        0x0000, 0x0000, 0x0000, 0x0000, 0x0000, 0x7FEF, 0x7FEF, 0x7ED5, 0x7E74, 0x7674, 0x6E33, 0x6E13,
        0x65F2, 0x65F2, 0x5DF2, 0x65F2, 0x6613, 0x6E33, 0x6E53, 0x6E54, 0x7674, 0x7EB5, 0x7ED5, 0x7EB5,
        0x7654, 0x7674, 0x7E94, 0x7E73, 0x0000, 0x7FEF, 0x0000, 0x0000, 0x0000, 0x0000, 0x0000, 0x0000,
        0x0000, 0x0000, 0x0000, 0x0000, 0x0000, 0x0000, 0x0000, 0x0000, 0x0000, 0x0000, 0x0000, 0x0000,
        0x0000, 0x0000, 0x0000, 0x0000, 0x0000, 0x7FEF, 0x0000, 0x7EB5, 0x7E94, 0x7E95, 0x7E95, 0x7E74,
        0x7674, 0x7654, 0x9E74, 0x9654, 0x8633, 0x8633, 0x8633, 0x8E54, 0x8633, 0x6DF2, 0x6DF3, 0x6DF2,
        0x65F2, 0x0000, 0x0000, 0x0000, 0xAFF5, 0x0000, 0x0000, 0x0000, 0x0000, 0x0000, 0x0000, 0x0000,
        0x0000, 0x0000, 0x0000, 0x0000, 0x0000, 0x0000, 0x0000, 0x0000, 0x0000, 0x0000, 0x0000, 0x0000,
        0x0000, 0x0000, 0x0000, 0x0000, 0x0000, 0x5555, 0x0000, 0x7E74, 0x7EB5, 0x7E74, 0x7E94, 0x7E94,
        0x7E95, 0x8695, 0xF737, 0xFF57, 0xF737, 0xF737, 0xF737, 0xFFB8, 0xF737, 0x0000, 0x0000, 0x0000,
        0x0000, 0x0000, 0x7DEF, 0xFFFF, 0x0000, 0x0000, 0x0000, 0x0000, 0x0000, 0x0000, 0x0000, 0x0000,
        0x0000, 0x0000, 0x0000, 0x0000, 0x0000, 0x0000, 0x0000, 0x0000, 0x0000, 0x0000, 0x0000, 0x0000,
        0x0000, 0x0000, 0x0000, 0x0000, 0x0000, 0x5555, 0x0000, 0x7E94, 0x86D5, 0x7E94, 0x7E94, 0x7E94,
        0x7E94, 0x8695, 0xEF16, 0xF736, 0xF736, 0xF736, 0xF736, 0xFF98, 0xEF36, 0x5555, 0x9DF3, 0x7DEF,
        0x7FEF, 0x0000, 0x0000, 0x0000, 0x0000, 0x0000, 0x0000, 0x0000, 0x0000, 0x0000, 0x0000, 0x0000,
        0x0000, 0x0000, 0x0000, 0x0000, 0x0000, 0x0000, 0x0000, 0x0000, 0x0000, 0x0000, 0x0000, 0x0000,
        0x0000, 0x0000, 0x0000, 0x0000, 0x0000, 0xAFF5, 0x0000, 0x7E74, 0x86D6, 0x7E94, 0x7E94, 0x7E94,
        0x7674, 0x8E95, 0xF736, 0xF736, 0xF736, 0xF736, 0xF736, 0xFFB8, 0xEF36, 0x0000, 0xFDF7, 0x0000,
        0x0000, 0x0000, 0x0000, 0x0000, 0x0000, 0x0000, 0x0000, 0x0000, 0x0000, 0x0000, 0x0000, 0x0000,
        0x0000, 0x0000, 0x0000, 0x0000, 0x0000, 0x0000, 0x0000, 0x0000, 0x0000, 0x0000, 0x0000, 0x0000,
        0x0000, 0x0000, 0x0000, 0x0000, 0x0000, 0x7DF7, 0x0000, 0x7E74, 0x86F6, 0x7E94, 0x7E94, 0x7E94,
        0x7674, 0x96B5, 0xF737, 0xF736, 0xF736, 0xF736, 0xF736, 0xFFB8, 0xEF16, 0x0000, 0xFFF7, 0x0000,
        0x0000, 0x0000, 0x0000, 0x0000, 0x0000, 0x0000, 0x0000, 0x0000, 0x0000, 0x0000, 0x0000, 0x0000,
        0x0000, 0x0000, 0x0000, 0x0000, 0x0000, 0x0000, 0x0000, 0x0000, 0x0000, 0x0000, 0x0000, 0x0000,
        0x0000, 0x0000, 0x0000, 0x0000, 0x0000, 0x7DF7, 0x0000, 0x7E94, 0x86F6, 0x7E94, 0x7E94, 0x7E94,
        0x7674, 0xA6B5, 0xFF36, 0xF736, 0xF736, 0xF736, 0xF716, 0xFFB8, 0xEF36, 0x0000, 0xFFF7, 0x0000,
        0x0000, 0x0000, 0x0000, 0x0000, 0x0000, 0x0000, 0x0000, 0x0000, 0x0000, 0x0000, 0x0000, 0x0000,
        0x0000, 0x0000, 0x0000, 0x0000, 0x0000, 0x0000, 0x0000, 0x0000, 0x0000, 0x0000, 0x0000, 0x0000,
        0x0000, 0x0000, 0x0000, 0x0000, 0x0000, 0x7DF7, 0x0000, 0x7E74, 0x86F6, 0x7E94, 0x7E94, 0x7E94,
        0x7674, 0xB6F6, 0xFF57, 0xF757, 0xF757, 0xF757, 0xF757, 0xFFB8, 0xEF37, 0x0000, 0xFDF7, 0x0000,
        0x0000, 0x0000, 0x0000, 0x0000, 0x0000, 0x0000, 0x0000, 0x0000, 0x0000, 0x0000, 0x0000, 0x0000,
        0x0000, 0x0000, 0x0000, 0x0000, 0x0000, 0x0000, 0x0000, 0x0000, 0x0000, 0x0000, 0x0000, 0x0000,
        0x0000, 0x0000, 0x0000, 0x0000, 0x0000, 0x7FEF, 0x0000, 0x7E94, 0x86D6, 0x7E94, 0x7E94, 0x7E94,
        0x7695, 0xBE33, 0xEE33, 0xE653, 0xEE74, 0xEE94, 0xEE94, 0xF716, 0xE6B5, 0x0000, 0xFFF5, 0x0000,
        0x0000, 0x0000, 0x0000, 0x0000, 0x0000, 0x0000, 0x0000, 0x0000, 0x0000, 0x0000, 0x0000, 0x0000,
        0x0000, 0x0000, 0x0000, 0x0000, 0x0000, 0x0000, 0x0000, 0x0000, 0x0000, 0x0000, 0x0000, 0x0000,
        0x0000, 0x0000, 0x0000, 0x0000, 0x0000, 0x0000, 0x7EB5, 0x7E94, 0x7EB5, 0x7E94, 0x7E94, 0x7E94,
        0x7E95, 0xCDF2, 0xE591, 0xDD91, 0xDD91, 0xDD71, 0xDD70, 0xDD71, 0xD571, 0x0000, 0xFFEF, 0x0000,
        0x0000, 0x0000, 0x0000, 0x0000, 0x0000, 0x0000, 0x0000, 0x0000, 0x0000, 0x0000, 0x0000, 0x0000,
        0x0000, 0x0000, 0x0000, 0x0000, 0x0000, 0x0000, 0x0000, 0x0000, 0x0000, 0x0000, 0x0000, 0x0000,
        0x0000, 0x0000, 0x0000, 0x0000, 0x7FEF, 0x07E0, 0x7E74, 0x7E95, 0x7E94, 0x7E94, 0x7E94, 0x7E94,
        0x8695, 0xEF36, 0xF737, 0xF736, 0xF716, 0xF716, 0xF716, 0xEEF5, 0xDEF5, 0x0000, 0xFFFF, 0x0000,
        0x0000, 0x0000, 0x0000, 0x0000, 0x0000, 0x0000, 0x0000, 0x0000, 0x0000, 0x0000, 0x0000, 0x0000,
        0x0000, 0x0000, 0x0000, 0x0000, 0x0000, 0x0000, 0x0000, 0x0000, 0x0000, 0x0000, 0x0000, 0x0000,
        0x0000, 0x0000, 0x0000, 0x0000, 0x9E79, 0x0000, 0x7E94, 0x86F6, 0x7E94, 0x7E94, 0x7E94, 0x7674,
        0x96B5, 0xF736, 0xF736, 0xF736, 0xF737, 0xF736, 0xFF98, 0xF737, 0x0000, 0xFFFF, 0x0000, 0x0000,
        0x0000, 0x0000, 0x0000, 0x0000, 0x0000, 0x0000, 0x0000, 0x0000, 0x0000, 0x0000, 0x0000, 0x0000,
        0x0000, 0x0000, 0x0000, 0x0000, 0x0000, 0x0000, 0x0000, 0x0000, 0x0000, 0x07E0, 0x07E0, 0xFFFF,
        0x7BEF, 0x7FFF, 0xAFF5, 0x6673, 0x0000, 0x554A, 0x7E95, 0x7EB5, 0x7E74, 0x7E94, 0x7E94, 0x7674,
        0xB6D5, 0xFF37, 0xF736, 0xF736, 0xF736, 0xF736, 0xFFB8, 0xEF16, 0x0000, 0xFFF7, 0x0000, 0x0000,
        0x0000, 0x0000, 0x0000, 0x0000, 0x0000, 0x0000, 0x0000, 0x0000, 0x0000, 0x0000, 0x0000, 0x0000,
        0x0000, 0x0000, 0x0000, 0x0000, 0x0000, 0x5555, 0x57F5, 0x0000, 0x0000, 0x0000, 0x0000, 0x0000,
        0x0000, 0x0000, 0x0000, 0x0000, 0x7E94, 0x7EB5, 0x86D5, 0x7E74, 0x7E94, 0x7E94, 0x7E94, 0x7674,
        0xD716, 0xFF37, 0xF736, 0xF736, 0xF736, 0xF736, 0xFFB8, 0xEF16, 0x0000, 0xFFF7, 0x0000, 0x0000,
        0x0000, 0x0000, 0x0000, 0x0000, 0x0000, 0x0000, 0x0000, 0x0000, 0x0000, 0x0000, 0x0000, 0x0000,
        0x0000, 0x0000, 0x0000, 0x07FF, 0xFFFF, 0x0000, 0x0000, 0x0000, 0x0000, 0x7DF7, 0x6ED6, 0x7ED4,
        0x7E95, 0x7E94, 0x7E95, 0x7E95, 0x7E95, 0x86D6, 0x7E74, 0x7E94, 0x7E94, 0x7E94, 0x7674, 0x8E95,
        0xF736, 0xF736, 0xF736, 0xF736, 0xF736, 0xF737, 0xF737, 0xEF57, 0x0000, 0xFFEF, 0x0000, 0x0000,
        0x0000, 0x0000, 0x0000, 0x0000, 0x0000, 0x0000, 0x0000, 0x0000, 0x0000, 0x0000, 0x0000, 0x0000,
        0x0000, 0x0000, 0x07FF, 0x0000, 0x0000, 0x6E13, 0x6E33, 0x6E13, 0x6E33, 0x7E74, 0x7E94, 0x7E94,
        0x7E94, 0x7E95, 0x86F6, 0x86F6, 0x7EB5, 0x7E74, 0x7E94, 0x7E94, 0x7E94, 0x7E94, 0x7674, 0xC6F6,
        0xFF37, 0xF736, 0xF736, 0xF736, 0xF736, 0xFF98, 0xEF36, 0x0000, 0xFFFF, 0x0000, 0x0000, 0x0000,
        0x0000, 0x0000, 0x0000, 0x0000, 0x0000, 0x0000, 0x0000, 0x0000, 0x0000, 0x0000, 0x0000, 0x0000,
        0x0000, 0x07FF, 0x07E0, 0x6DF2, 0x6E13, 0x6E54, 0x6E54, 0x6E33, 0x7EB5, 0x86B5, 0x7EB5, 0x7EB5,
        0x7E95, 0x7E74, 0x7E74, 0x7E94, 0x7E94, 0x7E94, 0x7E94, 0x7E94, 0x7E94, 0x7694, 0x8EB5, 0xF736,
        0xF736, 0xF736, 0xF736, 0xF736, 0xF736, 0xFFB8, 0xEF16, 0xAFF5, 0xFFF9, 0x0000, 0x0000, 0x0000,
        0x0000, 0x0000, 0x0000, 0x0000, 0x0000, 0x0000, 0x0000, 0x0000, 0x0000, 0x0000, 0x0000, 0x0000,
        0x0000, 0x7FEF, 0x7DF7, 0x6DF2, 0x7694, 0x65F2, 0x65F2, 0x6E13, 0x7E94, 0x7E74, 0x7E94, 0x7E74,
        0x7E74, 0x7E94, 0x7E94, 0x7E94, 0x7E94, 0x7E94, 0x7E94, 0x7E94, 0x7E95, 0x7674, 0xD694, 0xFF37,
        0xF757, 0xF737, 0xF736, 0xF736, 0xFF57, 0xFF37, 0xFFFF, 0x0000, 0x0000, 0x7FEF, 0x7DF7, 0x7FFF,
        0x07E0, 0x0000, 0x0000, 0x0000, 0x0000, 0x0000, 0x0000, 0x0000, 0x0000, 0x0000, 0x0000, 0x0000,
        0x7DEF, 0x0000, 0x6DF2, 0x7694, 0x65F2, 0x6DF2, 0x65F2, 0x6E33, 0x7E95, 0x7E94, 0x7E94, 0x7E94,
        0x7E94, 0x7E94, 0x7E94, 0x7E94, 0x7E94, 0x7E94, 0x7E94, 0x7E74, 0x7695, 0xBE53, 0xE550, 0xDD91,
        0xEE74, 0xF716, 0xF757, 0xF736, 0xFF77, 0xB6B5, 0x5DF2, 0x7E74, 0x7ED6, 0x0000, 0x0000, 0x0000,
        0x0000, 0x7DEF, 0x57F5, 0x07FF, 0x0000, 0x0000, 0x0000, 0x0000, 0x0000, 0x0000, 0x0000, 0x0000,
        0x07E0, 0x7EB5, 0x6DF2, 0x6E33, 0x65F2, 0x6DF2, 0x65F2, 0x6E33, 0x7E95, 0x7E94, 0x7E94, 0x7E94,
        0x7E94, 0x7E94, 0x7E94, 0x7E94, 0x7E94, 0x7E94, 0x7674, 0x7E94, 0xCEF6, 0xFF36, 0xEED5, 0xE613,
        0xDD70, 0xDD71, 0xE633, 0xF6F6, 0xE6F6, 0x6E33, 0x6E74, 0x7EB5, 0x7E95, 0x7E95, 0x7EB5, 0x7E95,
        0x6673, 0x0000, 0x0000, 0x0000, 0xAFF5, 0x57F5, 0x07FF, 0x0000, 0x0000, 0x0000, 0x0000, 0x0000,
        0x0000, 0x6DF2, 0x6E13, 0x6DF2, 0x6DF2, 0x6DF2, 0x6DF2, 0x6E13, 0x7E95, 0x7E94, 0x7E94, 0x7E74,
        0x7E94, 0x7E94, 0x7E94, 0x7674, 0x7674, 0x7E94, 0xA6B5, 0xE716, 0xFF37, 0xF736, 0xF737, 0xF757,
        0xF6F6, 0xE653, 0xDD71, 0xE591, 0x8E13, 0x5DF2, 0x7633, 0x7E95, 0x7E95, 0x86D6, 0x86F6, 0x7EB5,
        0x7E95, 0x7EB5, 0x7EB5, 0x8EB6, 0x0000, 0x0000, 0x0000, 0xAFF5, 0x5555, 0x0000, 0x0000, 0x0000,
        0x0000, 0x6DF2, 0x6E33, 0x65F2, 0x65F2, 0x65F2, 0x65F2, 0x65F2, 0x7674, 0x7674, 0x7694, 0x7695,
        0x7674, 0x7674, 0x7E94, 0x96B5, 0xB6D5, 0xDF16, 0xFF37, 0xF737, 0xF736, 0xF736, 0xF736, 0xF736,
        0xF737, 0xF757, 0xFF36, 0xA633, 0x5DF2, 0x6E13, 0x7E94, 0x7E94, 0x7E74, 0x7E94, 0x7E94, 0x7E74,
        0x7EB5, 0x86F6, 0x86D5, 0x7EB5, 0x7E95, 0x7E95, 0x7F36, 0x0000, 0x0000, 0x7BEF, 0x0000, 0x0000,
        0x0000, 0x6DF2, 0x7633, 0x6E12, 0x6E13, 0x7613, 0x7613, 0x7E13, 0x8654, 0x96B5, 0x9E95, 0xA613,
        0xBEB5, 0xCF16, 0xE716, 0xF736, 0xFF37, 0xFF37, 0xF736, 0xF736, 0xF736, 0xF736, 0xF736, 0xF736,
        0xF736, 0xFF37, 0xB6B5, 0x65F3, 0x6E12, 0x7E74, 0x7E94, 0x7E94, 0x7E94, 0x7E94, 0x7E94, 0x7E94,
        0x7E74, 0x7E94, 0x7E74, 0x7EB5, 0x86F6, 0x86D5, 0x7EB5, 0x7EB5, 0x7E94, 0x0000, 0xFFFF, 0x0000,
        0x0000, 0xCF36, 0xDEB4, 0xE6D4, 0xDEB4, 0xE6B4, 0xE6B4, 0xE6D4, 0xEED4, 0xF736, 0xFF16, 0xE570,
        0xEE33, 0xFF57, 0xF736, 0xF736, 0xF736, 0xF736, 0xF736, 0xF736, 0xF736, 0xF736, 0xF736, 0xF737,
        0xF737, 0xAE94, 0x5DF2, 0x65F2, 0x6E54, 0x7674, 0x7695, 0x7695, 0x7674, 0x7674, 0x7E94, 0x7E94,
        0x7E94, 0x7E94, 0x7E94, 0x7E74, 0x7E94, 0x7E74, 0x7EB5, 0x86F6, 0x86F6, 0x7E74, 0x0000, 0x7FFF,
        0xFDF7, 0x0000, 0xE6D4, 0xFF56, 0xEEB4, 0xEED4, 0xEED4, 0xEED4, 0xEEB4, 0xEED4, 0xF757, 0xE654,
        0xDD71, 0xF716, 0xF737, 0xF736, 0xF736, 0xF736, 0xF736, 0xF736, 0xF736, 0xF737, 0xF737, 0xF716,
        0xE6D5, 0xCE94, 0xCE94, 0xCED5, 0xC6F6, 0xBED5, 0xAE33, 0x9E54, 0x9EB5, 0x8E95, 0x8695, 0x7E94,
        0x7674, 0x7674, 0x7674, 0x7674, 0x7674, 0x7E94, 0x7E94, 0x7E94, 0x7E95, 0x7EB5, 0x7E74, 0x0000,
        0xFFFF, 0xFFEF, 0xCED4, 0xE6D4, 0xFF56, 0xE6B4, 0xE6B4, 0xEED4, 0xEED4, 0xE6B4, 0xEED5, 0xEEF5,
        0xDD70, 0xEE74, 0xF757, 0xF736, 0xF736, 0xF736, 0xF737, 0xF737, 0xF737, 0xEF16, 0xEEF5, 0xE6D4,
        0xE6B4, 0xF6D5, 0xF736, 0xFF37, 0xFF37, 0xFF57, 0xE591, 0xEE13, 0xFF57, 0xF736, 0xEF16, 0xDF16,
        0xD6F6, 0xC6F6, 0xB6D5, 0x9EB5, 0x8E95, 0x8695, 0x7674, 0x7674, 0x7674, 0x7ED5, 0x7E74, 0x0000,
        0x0000, 0xFBEF, 0x0000, 0xD6B4, 0xEEF5, 0xF735, 0xEEF5, 0xEED4, 0xEED4, 0xEED4, 0xEEB4, 0xEED4,
        0xE5F2, 0xDD91, 0xF716, 0xF737, 0xF737, 0xF736, 0xF716, 0xEF16, 0xEEF5, 0xE6D4, 0xE6B4, 0xEED4,
        0xEEF5, 0xF736, 0xF737, 0xF736, 0xF736, 0xF737, 0xDDB1, 0xE633, 0xF757, 0xF736, 0xF736, 0xF737,
        0xFF37, 0xFF37, 0xFF37, 0xFF37, 0xF736, 0xEF16, 0xDF16, 0xC6F6, 0xB737, 0x9695, 0x7ED4, 0xFFFF,
        0x0000, 0x0000, 0xFFEF, 0x0000, 0x948D, 0xE6D5, 0xEEF5, 0xEED4, 0xEED4, 0xEED4, 0xE6D4, 0xE6D4,
        0xE694, 0xDDB1, 0xE694, 0xEEF5, 0xEEF5, 0xEED5, 0xE6D4, 0xE6B4, 0xEEB4, 0xEED4, 0xEEF5, 0xF716,
        0xF737, 0xF736, 0xF736, 0xF736, 0xF736, 0xF737, 0xDDB1, 0xE633, 0xF757, 0xF736, 0xF736, 0xF736,
        0xF736, 0xF736, 0xF736, 0xF736, 0xF736, 0xF736, 0xFF36, 0xFF57, 0xFF77, 0xFF36, 0x0000, 0xFFFF,
    },
};

static const uint8_t s_launcher_icon_alpha[5][LAUNCHER_ICON_W * LAUNCHER_ICON_H] = {
    // chat_alarm
    {
        0x00, 0x00, 0x00, 0x00, 0x00, 0x00, 0x00, 0x00, 0x00, 0x00, 0x00, 0x00, 0x00, 0x00, 0x02, 0x04,
        0x00, 0x00, 0x00, 0x00, 0x09, 0x1E, 0x30, 0x39, 0x39, 0x30, 0x1E, 0x09, 0x00, 0x00, 0x00, 0x00,
        0x04, 0x02, 0x00, 0x00, 0x00, 0x00, 0x00, 0x00, 0x00, 0x00, 0x00, 0x00, 0x00, 0x00, 0x00, 0x00,
        0x00, 0x00, 0x00, 0x00, 0x00, 0x00, 0x00, 0x00, 0x00, 0x00, 0x00, 0x00, 0x02, 0x02, 0x00, 0x00,
        0x0E, 0x47, 0x87, 0xBB, 0xDE, 0xF2, 0xFC, 0xFF, 0xFF, 0xFC, 0xF2, 0xDE, 0xBB, 0x88, 0x48, 0x0E,
        0x00, 0x00, 0x02, 0x02, 0x00, 0x00, 0x00, 0x00, 0x00, 0x00, 0x00, 0x00, 0x00, 0x00, 0x00, 0x00,
        0x00, 0x00, 0x00, 0x00, 0x00, 0x00, 0x00, 0x00, 0x00, 0x00, 0x01, 0x03, 0x00, 0x00, 0x33, 0x95,
        0xE5, 0xFF, 0xFF, 0xFF, 0xFF, 0xFF, 0xFF, 0xFF, 0xFF, 0xFF, 0xFF, 0xFF, 0xFF, 0xFF, 0xFF, 0xE5,
        0x96, 0x34, 0x00, 0x00, 0x03, 0x01, 0x00, 0x00, 0x00, 0x00, 0x00, 0x00, 0x00, 0x00, 0x00, 0x00,
        0x00, 0x00, 0x00, 0x00, 0x00, 0x00, 0x00, 0x00, 0x00, 0x02, 0x00, 0x00, 0x31, 0xAC, 0xFE, 0xFF,
        0xFF, 0xFD, 0xFB, 0xFC, 0xFD, 0xFE, 0xFF, 0xFF, 0xFF, 0xFF, 0xFE, 0xFD, 0xFC, 0xFB, 0xFD, 0xFF,
        0xFF, 0xFE, 0xAC, 0x31, 0x00, 0x00, 0x02, 0x00, 0x00, 0x00, 0x00, 0x00, 0x00, 0x00, 0x00, 0x00,
        0x00, 0x00, 0x00, 0x00, 0x00, 0x00, 0x00, 0x00, 0x04, 0x00, 0x09, 0x89, 0xFA, 0xFF, 0xFF, 0xFB,
        0xFE, 0xFF, 0xFF, 0xFF, 0xFF, 0xFF, 0xFF, 0xFF, 0xFF, 0xFF, 0xFF, 0xFF, 0xFF, 0xFF, 0xFF, 0xFE,
        0xFB, 0xFF, 0xFF, 0xFA, 0x8A, 0x09, 0x00, 0x03, 0x00, 0x00, 0x00, 0x00, 0x00, 0x00, 0x00, 0x00,
        0x00, 0x00, 0x00, 0x00, 0x00, 0x00, 0x00, 0x04, 0x00, 0x2D, 0xCE, 0xFF, 0xFF, 0xFC, 0xFF, 0xFF,
        0xFF, 0xFF, 0xFF, 0xFF, 0xFF, 0xFF, 0xFF, 0xFF, 0xFF, 0xFF, 0xFF, 0xFF, 0xFF, 0xFF, 0xFF, 0xFF,
        0xFF, 0xFF, 0xFC, 0xFF, 0xFF, 0xCE, 0x2D, 0x00, 0x04, 0x00, 0x00, 0x00, 0x00, 0x00, 0x00, 0x00,
        0x00, 0x00, 0x00, 0x00, 0x00, 0x00, 0x04, 0x00, 0x4B, 0xF1, 0xFF, 0xFB, 0xFE, 0xFF, 0xFF, 0xFF,
        0xFF, 0xFF, 0xFF, 0xFF, 0xFF, 0xFF, 0xFF, 0xFF, 0xFF, 0xFF, 0xFF, 0xFF, 0xFF, 0xFF, 0xFF, 0xFF,
        0xFF, 0xFF, 0xFF, 0xFE, 0xFB, 0xFF, 0xF1, 0x4B, 0x00, 0x04, 0x00, 0x00, 0x00, 0x00, 0x00, 0x00,
        0x00, 0x00, 0x00, 0x00, 0x00, 0x04, 0x00, 0x56, 0xFD, 0xFF, 0xFC, 0xFF, 0xFF, 0xFF, 0xFF, 0xFF,
        0xFF, 0xFF, 0xFF, 0xFF, 0xFF, 0xFF, 0xFF, 0xFF, 0xFF, 0xFF, 0xFF, 0xFF, 0xFF, 0xFF, 0xFF, 0xFF,
        0xFF, 0xFF, 0xFF, 0xFF, 0xFF, 0xFC, 0xFF, 0xFD, 0x56, 0x00, 0x04, 0x00, 0x00, 0x00, 0x00, 0x00,
        0x00, 0x00, 0x00, 0x00, 0x03, 0x00, 0x49, 0xFD, 0xFE, 0xFD, 0xFF, 0xFF, 0xFF, 0xFF, 0xFF, 0xFF,
        0xFF, 0xFF, 0xFF, 0xFF, 0xFF, 0xFF, 0xFF, 0xFF, 0xFF, 0xFF, 0xFF, 0xFF, 0xFF, 0xFF, 0xFF, 0xFF,
        0xFF, 0xFF, 0xFF, 0xFF, 0xFF, 0xFF, 0xFD, 0xFE, 0xFD, 0x4A, 0x00, 0x03, 0x00, 0x00, 0x00, 0x00,
        0x00, 0x00, 0x00, 0x02, 0x00, 0x2A, 0xF2, 0xFE, 0xFD, 0xFF, 0xFF, 0xFF, 0xFF, 0xFF, 0xFF, 0xFF,
        0xFF, 0xFF, 0xFF, 0xFF, 0xFF, 0xFF, 0xFF, 0xFF, 0xFF, 0xFF, 0xFF, 0xFF, 0xFF, 0xFF, 0xFF, 0xFF,
        0xFF, 0xFF, 0xFF, 0xFF, 0xFF, 0xFF, 0xFF, 0xFD, 0xFE, 0xF3, 0x2A, 0x00, 0x02, 0x00, 0x00, 0x00,
        0x00, 0x00, 0x01, 0x03, 0x08, 0xD2, 0xFF, 0xFC, 0xFF, 0xFF, 0xFF, 0xFF, 0xFF, 0xFF, 0xFF, 0xFF,
        0xFF, 0xFF, 0xFF, 0xFF, 0xFF, 0xFF, 0xFF, 0xFF, 0xFF, 0xFF, 0xFF, 0xFF, 0xFF, 0xFF, 0xFF, 0xFF,
        0xFF, 0xFF, 0xFF, 0xFF, 0xFF, 0xFF, 0xFF, 0xFF, 0xFC, 0xFF, 0xD2, 0x08, 0x03, 0x01, 0x00, 0x00,
        0x00, 0x00, 0x03, 0x00, 0x8A, 0xFF, 0xFB, 0xFF, 0xFF, 0xFF, 0xFF, 0xFF, 0xFF, 0xFF, 0xFF, 0xFF,
        0xFF, 0xFF, 0xFF, 0xFF, 0xFF, 0xFF, 0xFF, 0xFF, 0xFF, 0xFF, 0xFF, 0xFF, 0xFF, 0xFF, 0xFF, 0xFF,
        0xFF, 0xFF, 0xFF, 0xFF, 0xFF, 0xFF, 0xFF, 0xFF, 0xFF, 0xFB, 0xFF, 0x8A, 0x00, 0x03, 0x00, 0x00,
        0x00, 0x02, 0x01, 0x2C, 0xFB, 0xFC, 0xFE, 0xFF, 0xFF, 0xFF, 0xFF, 0xFF, 0xFF, 0xFF, 0xFF, 0xFF,
        0xFF, 0xFF, 0xFF, 0xFF, 0xFF, 0xFF, 0xFF, 0xFF, 0xFF, 0xFF, 0xFF, 0xFF, 0xFF, 0xFF, 0xFF, 0xFF,
        0xFF, 0xFF, 0xFF, 0xFF, 0xFF, 0xFF, 0xFF, 0xFF, 0xFF, 0xFE, 0xFC, 0xFB, 0x2C, 0x01, 0x02, 0x00,
        0x00, 0x03, 0x00, 0xB0, 0xFF, 0xFB, 0xFF, 0xFF, 0xFF, 0xFF, 0xFF, 0xFF, 0xFF, 0xFF, 0xFF, 0xFF,
        0xFF, 0xFF, 0xFF, 0xFF, 0xFF, 0xFF, 0xFF, 0xFF, 0xFF, 0xFF, 0xFF, 0xFF, 0xFF, 0xFF, 0xFF, 0xFF,
        0xFF, 0xFF, 0xFF, 0xFF, 0xFF, 0xFF, 0xFF, 0xFF, 0xFF, 0xFF, 0xFB, 0xFF, 0xB0, 0x00, 0x03, 0x00,
        0x03, 0x00, 0x2F, 0xFD, 0xFD, 0xFF, 0xFF, 0xFF, 0xFF, 0xFF, 0xFF, 0xFF, 0xFF, 0xFF, 0xFF, 0xFF,
        0xFF, 0xFF, 0xFF, 0xFF, 0xFF, 0xFF, 0xFF, 0xFF, 0xFF, 0xFF, 0xFF, 0xFF, 0xFF, 0xFF, 0xFF, 0xFF,
        0xFF, 0xFF, 0xFF, 0xFF, 0xFF, 0xFF, 0xFF, 0xFF, 0xFF, 0xFF, 0xFF, 0xFD, 0xFD, 0x2F, 0x00, 0x03,
        0x04, 0x00, 0x97, 0xFF, 0xFB, 0xFF, 0xFF, 0xFF, 0xFF, 0xFF, 0xFF, 0xFF, 0xFF, 0xFF, 0xFF, 0xFF,
        0xFF, 0xFF, 0xFF, 0xFF, 0xFF, 0xFF, 0xFF, 0xFF, 0xFF, 0xFF, 0xFF, 0xFF, 0xFF, 0xFF, 0xFF, 0xFF,
        0xFF, 0xFF, 0xFF, 0xFF, 0xFF, 0xFF, 0xFF, 0xFF, 0xFF, 0xFF, 0xFF, 0xFB, 0xFF, 0x97, 0x00, 0x04,
        0x00, 0x0C, 0xE9, 0xFF, 0xFE, 0xFF, 0xFF, 0xFF, 0xFF, 0xFF, 0xFF, 0xFF, 0xFF, 0xFF, 0xFF, 0xFF,
        0xFF, 0xFF, 0xFF, 0xFF, 0xFF, 0xFF, 0xFF, 0xFF, 0xFF, 0xFF, 0xFF, 0xFF, 0xFF, 0xFF, 0xFF, 0xFF,
        0xFF, 0xFF, 0xFF, 0xFF, 0xFF, 0xFF, 0xFF, 0xFF, 0xFF, 0xFF, 0xFF, 0xFD, 0xFF, 0xE8, 0x0C, 0x00,
        0x00, 0x47, 0xFF, 0xFD, 0xFF, 0xFF, 0xFF, 0xFF, 0xFF, 0xFF, 0xFF, 0xFF, 0xFF, 0xFF, 0xFF, 0xFF,
        0xFF, 0xFF, 0xFF, 0xFF, 0xFF, 0xFF, 0xFF, 0xFF, 0xFF, 0xFF, 0xFF, 0xFF, 0xFF, 0xFF, 0xFF, 0xFF,
        0xFF, 0xFF, 0xFF, 0xFF, 0xFF, 0xFF, 0xFF, 0xFF, 0xFF, 0xFF, 0xFF, 0xFF, 0xFD, 0xFF, 0x46, 0x00,
        0x00, 0x88, 0xFE, 0xFB, 0xFF, 0xFF, 0xFF, 0xFF, 0xFF, 0xFF, 0xFF, 0xFF, 0xFF, 0xFF, 0xFF, 0xFF,
        0xFF, 0xFF, 0xFF, 0xFF, 0xFF, 0xFF, 0xFF, 0xFF, 0xFF, 0xFF, 0xFF, 0xFF, 0xFF, 0xFF, 0xFF, 0xFF,
        0xFF, 0xFF, 0xFF, 0xFF, 0xFF, 0xFF, 0xFF, 0xFF, 0xFF, 0xFF, 0xFF, 0xFF, 0xFB, 0xFE, 0x88, 0x00,
        0x00, 0xBD, 0xFF, 0xFC, 0xFF, 0xFF, 0xFF, 0xFF, 0xFF, 0xFF, 0xFF, 0xFF, 0xFF, 0xFF, 0xFF, 0xFF,
        0xFF, 0xFF, 0xFF, 0xFF, 0xFF, 0xFF, 0xFF, 0xFF, 0xFF, 0xFF, 0xFF, 0xFF, 0xFF, 0xFF, 0xFF, 0xFF,
        0xFF, 0xFF, 0xFF, 0xFF, 0xFF, 0xFF, 0xFF, 0xFF, 0xFF, 0xFF, 0xFF, 0xFF, 0xFC, 0xFF, 0xBC, 0x00,
        0x09, 0xDF, 0xFF, 0xFE, 0xFF, 0xFF, 0xFF, 0xFF, 0xFF, 0xFF, 0xFF, 0xFF, 0xFF, 0xFF, 0xFF, 0xFF,
        0xFF, 0xFF, 0xFF, 0xFF, 0xFF, 0xFF, 0xFF, 0xFF, 0xFF, 0xFF, 0xFF, 0xFF, 0xFF, 0xFF, 0xFF, 0xFF,
        0xFF, 0xFF, 0xFF, 0xFF, 0xFF, 0xFF, 0xFF, 0xFF, 0xFF, 0xFF, 0xFF, 0xFF, 0xFD, 0xFF, 0xDF, 0x08,
        0x1F, 0xF3, 0xFF, 0xFE, 0xFF, 0xFF, 0xFF, 0xFF, 0xFF, 0xFF, 0xFF, 0xFF, 0xFF, 0xFF, 0xFF, 0xFF,
        0xFF, 0xFF, 0xFF, 0xFF, 0xFF, 0xFF, 0xFF, 0xFF, 0xFF, 0xFF, 0xFF, 0xFF, 0xFF, 0xFF, 0xFF, 0xFF,
        0xFF, 0xFF, 0xFF, 0xFF, 0xFF, 0xFF, 0xFF, 0xFF, 0xFF, 0xFF, 0xFF, 0xFF, 0xFE, 0xFF, 0xF2, 0x1F,
        0x30, 0xFD, 0xFF, 0xFF, 0xFF, 0xFF, 0xFF, 0xFF, 0xFF, 0xFF, 0xFF, 0xFF, 0xFF, 0xFF, 0xFF, 0xFF,
        0xFF, 0xFF, 0xFF, 0xFF, 0xFF, 0xFF, 0xFF, 0xFF, 0xFF, 0xFF, 0xFF, 0xFF, 0xFF, 0xFF, 0xFF, 0xFF,
        0xFF, 0xFF, 0xFF, 0xFF, 0xFF, 0xFF, 0xFF, 0xFF, 0xFF, 0xFF, 0xFF, 0xFF, 0xFF, 0xFF, 0xFD, 0x30,
        0x3A, 0xFF, 0xFF, 0xFF, 0xFF, 0xFF, 0xFF, 0xFF, 0xFF, 0xFF, 0xFF, 0xFF, 0xFF, 0xFF, 0xFF, 0xFF,
        0xFF, 0xFF, 0xFF, 0xFF, 0xFF, 0xFF, 0xFF, 0xFF, 0xFF, 0xFF, 0xFF, 0xFF, 0xFF, 0xFF, 0xFF, 0xFF,
        0xFF, 0xFF, 0xFF, 0xFF, 0xFF, 0xFF, 0xFF, 0xFF, 0xFF, 0xFF, 0xFF, 0xFF, 0xFF, 0xFF, 0xFF, 0x39,
        0x39, 0xFF, 0xFF, 0xFF, 0xFF, 0xFF, 0xFF, 0xFF, 0xFF, 0xFF, 0xFF, 0xFF, 0xFF, 0xFF, 0xFF, 0xFF,
        0xFF, 0xFF, 0xFF, 0xFF, 0xFF, 0xFF, 0xFF, 0xFF, 0xFF, 0xFF, 0xFF, 0xFF, 0xFF, 0xFF, 0xFF, 0xFF,
        0xFF, 0xFF, 0xFF, 0xFF, 0xFF, 0xFF, 0xFF, 0xFF, 0xFF, 0xFF, 0xFF, 0xFF, 0xFF, 0xFF, 0xFF, 0x39,
        0x2F, 0xFC, 0xFF, 0xFF, 0xFF, 0xFF, 0xFF, 0xFF, 0xFF, 0xFF, 0xFF, 0xFF, 0xFF, 0xFF, 0xFF, 0xFF,
        0xFF, 0xFF, 0xFF, 0xFF, 0xFF, 0xFF, 0xFF, 0xFF, 0xFF, 0xFF, 0xFF, 0xFF, 0xFF, 0xFF, 0xFF, 0xFF,
        0xFF, 0xFF, 0xFF, 0xFF, 0xFF, 0xFF, 0xFF, 0xFF, 0xFF, 0xFF, 0xFF, 0xFF, 0xFF, 0xFF, 0xFD, 0x30,
        0x1E, 0xF2, 0xFF, 0xFE, 0xFF, 0xFF, 0xFF, 0xFF, 0xFF, 0xFF, 0xFF, 0xFF, 0xFF, 0xFF, 0xFF, 0xFF,
        0xFF, 0xFF, 0xFF, 0xFF, 0xFF, 0xFF, 0xFF, 0xFF, 0xFF, 0xFF, 0xFF, 0xFF, 0xFF, 0xFF, 0xFF, 0xFF,
        0xFF, 0xFF, 0xFF, 0xFF, 0xFF, 0xFF, 0xFF, 0xFF, 0xFF, 0xFF, 0xFF, 0xFF, 0xFE, 0xFF, 0xF2, 0x1F,
        0x08, 0xDF, 0xFF, 0xFD, 0xFF, 0xFF, 0xFF, 0xFF, 0xFF, 0xFF, 0xFF, 0xFF, 0xFF, 0xFF, 0xFF, 0xFF,
        0xFF, 0xFF, 0xFF, 0xFF, 0xFF, 0xFF, 0xFF, 0xFF, 0xFF, 0xFF, 0xFF, 0xFF, 0xFF, 0xFF, 0xFF, 0xFF,
        0xFF, 0xFF, 0xFF, 0xFF, 0xFF, 0xFF, 0xFF, 0xFF, 0xFF, 0xFF, 0xFF, 0xFF, 0xFD, 0xFF, 0xDF, 0x08,
        0x00, 0xBC, 0xFF, 0xFC, 0xFF, 0xFF, 0xFF, 0xFF, 0xFF, 0xFF, 0xFF, 0xFF, 0xFF, 0xFF, 0xFF, 0xFF,
        0xFF, 0xFF, 0xFF, 0xFF, 0xFF, 0xFF, 0xFF, 0xFF, 0xFF, 0xFF, 0xFF, 0xFF, 0xFF, 0xFF, 0xFF, 0xFF,
        0xFF, 0xFF, 0xFF, 0xFF, 0xFF, 0xFF, 0xFF, 0xFF, 0xFF, 0xFF, 0xFF, 0xFF, 0xFC, 0xFF, 0xBC, 0x00,
        0x00, 0x88, 0xFE, 0xFB, 0xFF, 0xFF, 0xFF, 0xFF, 0xFF, 0xFF, 0xFF, 0xFF, 0xFF, 0xFF, 0xFF, 0xFF,
        0xFF, 0xFF, 0xFF, 0xFF, 0xFF, 0xFF, 0xFF, 0xFF, 0xFF, 0xFF, 0xFF, 0xFF, 0xFF, 0xFF, 0xFF, 0xFF,
        0xFF, 0xFF, 0xFF, 0xFF, 0xFF, 0xFF, 0xFF, 0xFF, 0xFF, 0xFF, 0xFF, 0xFF, 0xFB, 0xFE, 0x88, 0x00,
        0x00, 0x46, 0xFF, 0xFD, 0xFF, 0xFF, 0xFF, 0xFF, 0xFF, 0xFF, 0xFF, 0xFF, 0xFF, 0xFF, 0xFF, 0xFF,
        0xFF, 0xFF, 0xFF, 0xFF, 0xFF, 0xFF, 0xFF, 0xFF, 0xFF, 0xFF, 0xFF, 0xFF, 0xFF, 0xFF, 0xFF, 0xFF,
        0xFF, 0xFF, 0xFF, 0xFF, 0xFF, 0xFF, 0xFF, 0xFF, 0xFF, 0xFF, 0xFF, 0xFF, 0xFD, 0xFF, 0x46, 0x00,
        0x00, 0x0C, 0xE9, 0xFF, 0xFE, 0xFF, 0xFF, 0xFF, 0xFF, 0xFF, 0xFF, 0xFF, 0xFF, 0xFF, 0xFF, 0xFF,
        0xFF, 0xFF, 0xFF, 0xFF, 0xFF, 0xFF, 0xFF, 0xFF, 0xFF, 0xFF, 0xFF, 0xFF, 0xFF, 0xFF, 0xFF, 0xFF,
        0xFF, 0xFF, 0xFF, 0xFF, 0xFF, 0xFF, 0xFF, 0xFF, 0xFF, 0xFF, 0xFF, 0xFD, 0xFF, 0xE8, 0x0B, 0x00,
        0x04, 0x00, 0x97, 0xFF, 0xFB, 0xFF, 0xFF, 0xFF, 0xFF, 0xFF, 0xFF, 0xFF, 0xFF, 0xFF, 0xFF, 0xFF,
        0xFF, 0xFF, 0xFF, 0xFF, 0xFF, 0xFF, 0xFF, 0xFF, 0xFF, 0xFF, 0xFF, 0xFF, 0xFF, 0xFF, 0xFF, 0xFF,
        0xFF, 0xFF, 0xFF, 0xFF, 0xFF, 0xFF, 0xFF, 0xFF, 0xFF, 0xFF, 0xFF, 0xFB, 0xFF, 0x97, 0x00, 0x04,
        0x03, 0x00, 0x2F, 0xFD, 0xFD, 0xFF, 0xFF, 0xFF, 0xFF, 0xFF, 0xFF, 0xFF, 0xFF, 0xFF, 0xFF, 0xFF,
        0xFF, 0xFF, 0xFF, 0xFF, 0xFF, 0xFF, 0xFF, 0xFF, 0xFF, 0xFF, 0xFF, 0xFF, 0xFF, 0xFF, 0xFF, 0xFF,
        0xFF, 0xFF, 0xFF, 0xFF, 0xFF, 0xFF, 0xFF, 0xFF, 0xFF, 0xFF, 0xFF, 0xFD, 0xFD, 0x2F, 0x00, 0x03,
        0x00, 0x03, 0x00, 0xB0, 0xFF, 0xFB, 0xFF, 0xFF, 0xFF, 0xFF, 0xFF, 0xFF, 0xFF, 0xFF, 0xFF, 0xFF,
        0xFF, 0xFF, 0xFF, 0xFF, 0xFF, 0xFF, 0xFF, 0xFF, 0xFF, 0xFF, 0xFF, 0xFF, 0xFF, 0xFF, 0xFF, 0xFF,
        0xFF, 0xFF, 0xFF, 0xFF, 0xFF, 0xFF, 0xFF, 0xFF, 0xFF, 0xFF, 0xFB, 0xFF, 0xB0, 0x00, 0x03, 0x00,
        0x00, 0x02, 0x01, 0x2C, 0xFB, 0xFC, 0xFE, 0xFF, 0xFF, 0xFF, 0xFF, 0xFF, 0xFF, 0xFF, 0xFF, 0xFF,
        0xFF, 0xFF, 0xFF, 0xFF, 0xFF, 0xFF, 0xFF, 0xFF, 0xFF, 0xFF, 0xFF, 0xFF, 0xFF, 0xFF, 0xFF, 0xFF,
        0xFF, 0xFF, 0xFF, 0xFF, 0xFF, 0xFF, 0xFF, 0xFF, 0xFF, 0xFE, 0xFC, 0xFB, 0x2C, 0x01, 0x02, 0x00,
        0x00, 0x00, 0x03, 0x00, 0x89, 0xFF, 0xFC, 0xFF, 0xFF, 0xFF, 0xFF, 0xFF, 0xFF, 0xFF, 0xFF, 0xFF,
        0xFF, 0xFF, 0xFF, 0xFF, 0xFF, 0xFF, 0xFF, 0xFF, 0xFF, 0xFF, 0xFF, 0xFF, 0xFF, 0xFF, 0xFF, 0xFF,
        0xFF, 0xFF, 0xFF, 0xFF, 0xFF, 0xFF, 0xFF, 0xFF, 0xFF, 0xFB, 0xFF, 0x89, 0x00, 0x03, 0x00, 0x00,
        0x00, 0x00, 0x01, 0x03, 0x08, 0xD0, 0xFF, 0xFD, 0xFF, 0xFF, 0xFF, 0xFF, 0xFF, 0xFF, 0xFF, 0xFF,
        0xFF, 0xFF, 0xFF, 0xFF, 0xFF, 0xFF, 0xFF, 0xFF, 0xFF, 0xFF, 0xFF, 0xFF, 0xFF, 0xFF, 0xFF, 0xFF,
        0xFF, 0xFF, 0xFF, 0xFF, 0xFF, 0xFF, 0xFF, 0xFF, 0xFC, 0xFF, 0xD2, 0x08, 0x03, 0x01, 0x00, 0x00,
        0x00, 0x00, 0x00, 0x03, 0x00, 0x30, 0xFB, 0xFE, 0xFE, 0xFF, 0xFF, 0xFF, 0xFF, 0xFF, 0xFF, 0xFF,
        0xFF, 0xFF, 0xFF, 0xFF, 0xFF, 0xFF, 0xFF, 0xFF, 0xFF, 0xFF, 0xFF, 0xFF, 0xFF, 0xFF, 0xFF, 0xFF,
        0xFF, 0xFF, 0xFF, 0xFF, 0xFF, 0xFF, 0xFF, 0xFD, 0xFE, 0xF2, 0x29, 0x00, 0x02, 0x00, 0x00, 0x00,
        0x00, 0x00, 0x00, 0x03, 0x02, 0x43, 0xFE, 0xFD, 0xFF, 0xFF, 0xFF, 0xFF, 0xFF, 0xFF, 0xFF, 0xFF,
        0xFF, 0xFF, 0xFF, 0xFF, 0xFF, 0xFF, 0xFF, 0xFF, 0xFF, 0xFF, 0xFF, 0xFF, 0xFF, 0xFF, 0xFF, 0xFF,
        0xFF, 0xFF, 0xFF, 0xFF, 0xFF, 0xFF, 0xFD, 0xFE, 0xFD, 0x4A, 0x00, 0x03, 0x00, 0x00, 0x00, 0x00,
        0x00, 0x00, 0x00, 0x03, 0x00, 0xAC, 0xFF, 0xFB, 0xFF, 0xFF, 0xFF, 0xFF, 0xFF, 0xFF, 0xFF, 0xFF,
        0xFF, 0xFF, 0xFF, 0xFF, 0xFF, 0xFF, 0xFF, 0xFF, 0xFF, 0xFF, 0xFF, 0xFF, 0xFF, 0xFF, 0xFF, 0xFF,
        0xFF, 0xFF, 0xFF, 0xFF, 0xFF, 0xFC, 0xFF, 0xFD, 0x56, 0x00, 0x04, 0x00, 0x00, 0x00, 0x00, 0x00,
        0x00, 0x00, 0x02, 0x01, 0x25, 0xF8, 0xFE, 0xFE, 0xFF, 0xFF, 0xFF, 0xFD, 0xFE, 0xFF, 0xFF, 0xFF,
        0xFF, 0xFF, 0xFF, 0xFF, 0xFF, 0xFF, 0xFF, 0xFF, 0xFF, 0xFF, 0xFF, 0xFF, 0xFF, 0xFF, 0xFF, 0xFF,
        0xFF, 0xFF, 0xFF, 0xFE, 0xFB, 0xFF, 0xF1, 0x4B, 0x00, 0x04, 0x00, 0x00, 0x00, 0x00, 0x00, 0x00,
        0x00, 0x00, 0x04, 0x00, 0xA9, 0xFF, 0xFC, 0xFF, 0xFE, 0xFC, 0xFC, 0xFF, 0xFF, 0xFC, 0xFF, 0xFF,
        0xFF, 0xFF, 0xFF, 0xFF, 0xFF, 0xFF, 0xFF, 0xFF, 0xFF, 0xFF, 0xFF, 0xFF, 0xFF, 0xFF, 0xFF, 0xFF,
        0xFF, 0xFF, 0xFC, 0xFF, 0xFF, 0xCE, 0x2D, 0x00, 0x04, 0x00, 0x00, 0x00, 0x00, 0x00, 0x00, 0x00,
        0x00, 0x03, 0x00, 0x4A, 0xFC, 0xF8, 0xFB, 0xFD, 0xFF, 0xFF, 0xFF, 0xDE, 0xF7, 0xFF, 0xFF, 0xFB,
        0xFE, 0xFF, 0xFF, 0xFF, 0xFF, 0xFF, 0xFF, 0xFF, 0xFF, 0xFF, 0xFF, 0xFF, 0xFF, 0xFF, 0xFF, 0xFE,
        0xFB, 0xFF, 0xFF, 0xFA, 0x89, 0x09, 0x00, 0x04, 0x00, 0x00, 0x00, 0x00, 0x00, 0x00, 0x00, 0x00,
        0x02, 0x01, 0x27, 0xFD, 0xFF, 0xFF, 0xFF, 0xFF, 0xEA, 0xAF, 0x58, 0x0A, 0x2F, 0xAC, 0xFE, 0xFF,
        0xFF, 0xFD, 0xFB, 0xFC, 0xFD, 0xFE, 0xFF, 0xFF, 0xFF, 0xFF, 0xFE, 0xFD, 0xFC, 0xFB, 0xFD, 0xFF,
        0xFF, 0xFE, 0xAB, 0x31, 0x00, 0x00, 0x02, 0x00, 0x00, 0x00, 0x00, 0x00, 0x00, 0x00, 0x00, 0x00,
        0x02, 0x00, 0x28, 0x97, 0x94, 0x87, 0x68, 0x3F, 0x12, 0x00, 0x00, 0x00, 0x00, 0x00, 0x34, 0x97,
        0xE5, 0xFF, 0xFF, 0xFF, 0xFF, 0xFF, 0xFF, 0xFF, 0xFF, 0xFF, 0xFF, 0xFF, 0xFF, 0xFF, 0xFF, 0xE4,
        0x96, 0x33, 0x00, 0x00, 0x03, 0x01, 0x00, 0x00, 0x00, 0x00, 0x00, 0x00, 0x00, 0x00, 0x00, 0x00,
        0x00, 0x00, 0x00, 0x00, 0x00, 0x00, 0x00, 0x00, 0x00, 0x02, 0x03, 0x01, 0x02, 0x02, 0x00, 0x00,
        0x0D, 0x47, 0x87, 0xBB, 0xDE, 0xF1, 0xFC, 0xFF, 0xFF, 0xFC, 0xF2, 0xDE, 0xBB, 0x87, 0x47, 0x0D,
        0x00, 0x00, 0x02, 0x02, 0x00, 0x00, 0x00, 0x00, 0x00, 0x00, 0x00, 0x00, 0x00, 0x00, 0x00, 0x00,
        0x00, 0x00, 0x01, 0x04, 0x04, 0x04, 0x04, 0x03, 0x01, 0x00, 0x00, 0x00, 0x00, 0x00, 0x02, 0x04,
        0x00, 0x00, 0x00, 0x00, 0x09, 0x1E, 0x2F, 0x39, 0x39, 0x2F, 0x1E, 0x09, 0x00, 0x00, 0x00, 0x00,
        0x04, 0x02, 0x00, 0x00, 0x00, 0x00, 0x00, 0x00, 0x00, 0x00, 0x00, 0x00, 0x00, 0x00, 0x00, 0x00,
    },
    // settings
    {
        0x00, 0x00, 0x00, 0x00, 0x00, 0x00, 0x00, 0x00, 0x00, 0x00, 0x00, 0x02, 0x03, 0x00, 0x00, 0x16,
        0x5F, 0xAD, 0xE7, 0x55, 0x00, 0x04, 0x00, 0x00, 0x00, 0x00, 0x04, 0x00, 0x54, 0xE7, 0xAE, 0x60,
        0x17, 0x00, 0x00, 0x03, 0x02, 0x00, 0x00, 0x00, 0x00, 0x00, 0x00, 0x00, 0x00, 0x00, 0x00, 0x00,
        0x00, 0x00, 0x00, 0x00, 0x00, 0x00, 0x00, 0x00, 0x00, 0x00, 0x01, 0x00, 0x00, 0x31, 0x96, 0xE6,
        0xFF, 0xFF, 0xFF, 0xEF, 0x30, 0x00, 0x03, 0x00, 0x00, 0x03, 0x00, 0x30, 0xEF, 0xFF, 0xFF, 0xFF,
        0xE6, 0x97, 0x32, 0x00, 0x00, 0x01, 0x00, 0x00, 0x00, 0x00, 0x00, 0x00, 0x00, 0x00, 0x00, 0x00,
        0x00, 0x00, 0x00, 0x00, 0x00, 0x00, 0x00, 0x00, 0x00, 0x01, 0x00, 0x28, 0xA6, 0xFE, 0xFF, 0xFF,
        0xFD, 0xFD, 0xFC, 0xFF, 0xE3, 0x1A, 0x00, 0x05, 0x05, 0x00, 0x1A, 0xE3, 0xFF, 0xFC, 0xFD, 0xFD,
        0xFF, 0xFF, 0xFE, 0xA6, 0x29, 0x00, 0x01, 0x00, 0x00, 0x00, 0x00, 0x00, 0x00, 0x00, 0x00, 0x00,
        0x00, 0x00, 0x00, 0x00, 0x00, 0x00, 0x00, 0x00, 0x03, 0x01, 0x3C, 0xF5, 0xFF, 0xFF, 0xFB, 0xFE,
        0xFF, 0xFF, 0xFF, 0xFC, 0xFF, 0xCA, 0x09, 0x00, 0x00, 0x08, 0xCA, 0xFF, 0xFC, 0xFF, 0xFF, 0xFF,
        0xFE, 0xFB, 0xFF, 0xFF, 0xF5, 0x3D, 0x01, 0x03, 0x00, 0x00, 0x00, 0x00, 0x00, 0x00, 0x00, 0x00,
        0x00, 0x00, 0x00, 0x00, 0x00, 0x00, 0x00, 0x00, 0x03, 0x00, 0x4A, 0xFF, 0xF9, 0xFF, 0xFF, 0xFF,
        0xFF, 0xFF, 0xFF, 0xFF, 0xFC, 0xFF, 0xCA, 0xAA, 0xAA, 0xCA, 0xFF, 0xFC, 0xFF, 0xFF, 0xFF, 0xFF,
        0xFF, 0xFF, 0xFF, 0xF9, 0xFF, 0x4A, 0x00, 0x03, 0x00, 0x00, 0x00, 0x00, 0x00, 0x00, 0x00, 0x00,
        0x00, 0x00, 0x00, 0x00, 0x00, 0x00, 0x00, 0x00, 0x02, 0x00, 0x33, 0xFE, 0xFE, 0xFF, 0xFF, 0xFF,
        0xFF, 0xFF, 0xFF, 0xFF, 0xFF, 0xFD, 0xFF, 0xFF, 0xFF, 0xFF, 0xFD, 0xFF, 0xFF, 0xFF, 0xFF, 0xFF,
        0xFF, 0xFF, 0xFF, 0xFE, 0xFE, 0x33, 0x00, 0x02, 0x00, 0x00, 0x00, 0x00, 0x00, 0x00, 0x00, 0x00,
        0x00, 0x00, 0x00, 0x00, 0x00, 0x00, 0x00, 0x00, 0x02, 0x00, 0x24, 0xFC, 0xFF, 0xFE, 0xFF, 0xFF,
        0xFF, 0xFF, 0xFF, 0xFF, 0xFF, 0xFF, 0xFD, 0xFB, 0xFB, 0xFD, 0xFF, 0xFF, 0xFF, 0xFF, 0xFF, 0xFF,
        0xFF, 0xFF, 0xFE, 0xFF, 0xFC, 0x24, 0x00, 0x02, 0x00, 0x00, 0x00, 0x00, 0x00, 0x00, 0x00, 0x00,
        0x00, 0x00, 0x00, 0x00, 0x00, 0x00, 0x00, 0x00, 0x01, 0x00, 0x19, 0xF2, 0xFF, 0xFE, 0xFF, 0xFF,
        0xFF, 0xFF, 0xFF, 0xFF, 0xFF, 0xFF, 0xFF, 0xFF, 0xFF, 0xFF, 0xFF, 0xFF, 0xFF, 0xFF, 0xFF, 0xFF,
        0xFF, 0xFF, 0xFE, 0xFF, 0xF2, 0x19, 0x00, 0x01, 0x00, 0x00, 0x00, 0x00, 0x00, 0x00, 0x00, 0x00,
        0x00, 0x00, 0x00, 0x03, 0x03, 0x02, 0x02, 0x01, 0x02, 0x02, 0x00, 0xE4, 0xFF, 0xFD, 0xFF, 0xFF,
        0xFF, 0xFF, 0xFF, 0xFF, 0xFF, 0xFF, 0xFF, 0xFF, 0xFF, 0xFF, 0xFF, 0xFF, 0xFF, 0xFF, 0xFF, 0xFF,
        0xFF, 0xFF, 0xFD, 0xFF, 0xE4, 0x00, 0x02, 0x02, 0x01, 0x02, 0x02, 0x03, 0x03, 0x00, 0x00, 0x00,
        0x00, 0x00, 0x01, 0x00, 0x00, 0x00, 0x00, 0x00, 0x00, 0x00, 0x58, 0xF7, 0xFD, 0xFE, 0xFF, 0xFF,
        0xFF, 0xFF, 0xFF, 0xFF, 0xFF, 0xFF, 0xFF, 0xFF, 0xFF, 0xFF, 0xFF, 0xFF, 0xFF, 0xFF, 0xFF, 0xFF,
        0xFF, 0xFF, 0xFE, 0xFD, 0xF7, 0x59, 0x00, 0x00, 0x00, 0x00, 0x00, 0x00, 0x00, 0x01, 0x00, 0x00,
        0x00, 0x01, 0x00, 0x38, 0x43, 0x30, 0x21, 0x16, 0x08, 0x59, 0xFF, 0xFF, 0xFE, 0xFF, 0xFF, 0xFF,
        0xFF, 0xFF, 0xFF, 0xFF, 0xFF, 0xFF, 0xFF, 0xFF, 0xFF, 0xFF, 0xFF, 0xFF, 0xFF, 0xFF, 0xFF, 0xFF,
        0xFF, 0xFF, 0xFF, 0xFE, 0xFF, 0xFF, 0x59, 0x07, 0x15, 0x20, 0x2E, 0x42, 0x37, 0x00, 0x01, 0x00,
        0x02, 0x01, 0x23, 0xF9, 0xFF, 0xFF, 0xFA, 0xF0, 0xE2, 0xFF, 0xFF, 0xFE, 0xFF, 0xFF, 0xFF, 0xFF,
        0xFF, 0xFF, 0xFF, 0xFF, 0xFF, 0xFF, 0xFF, 0xFF, 0xFF, 0xFF, 0xFF, 0xFF, 0xFF, 0xFF, 0xFF, 0xFF,
        0xFF, 0xFF, 0xFF, 0xFF, 0xFE, 0xFF, 0xFF, 0xE1, 0xEF, 0xF9, 0xFF, 0xFF, 0xF9, 0x23, 0x01, 0x02,
        0x03, 0x00, 0xA8, 0xFF, 0xF9, 0xFF, 0xFF, 0xFF, 0xFF, 0xFF, 0xFE, 0xFF, 0xFF, 0xFF, 0xFF, 0xFF,
        0xFF, 0xFF, 0xFF, 0xFF, 0xFF, 0xFF, 0xFF, 0xFF, 0xFF, 0xFF, 0xFF, 0xFF, 0xFF, 0xFF, 0xFF, 0xFF,
        0xFF, 0xFF, 0xFF, 0xFF, 0xFF, 0xFE, 0xFF, 0xFF, 0xFF, 0xFF, 0xFF, 0xF9, 0xFF, 0xA8, 0x00, 0x03,
        0x00, 0x2C, 0xFD, 0xFD, 0xFE, 0xFF, 0xFE, 0xFE, 0xFD, 0xFE, 0xFF, 0xFF, 0xFF, 0xFF, 0xFF, 0xFF,
        0xFF, 0xFF, 0xFF, 0xFF, 0xFF, 0xFD, 0xFC, 0xFB, 0xFB, 0xFC, 0xFD, 0xFF, 0xFF, 0xFF, 0xFF, 0xFF,
        0xFF, 0xFF, 0xFF, 0xFF, 0xFF, 0xFF, 0xFE, 0xFD, 0xFE, 0xFE, 0xFF, 0xFE, 0xFD, 0xFD, 0x2C, 0x00,
        0x00, 0x98, 0xFF, 0xFB, 0xFF, 0xFF, 0xFF, 0xFF, 0xFF, 0xFF, 0xFF, 0xFF, 0xFF, 0xFF, 0xFF, 0xFF,
        0xFF, 0xFF, 0xFF, 0xFD, 0xFD, 0xFF, 0xFF, 0xFF, 0xFF, 0xFF, 0xFF, 0xFD, 0xFD, 0xFF, 0xFF, 0xFF,
        0xFF, 0xFF, 0xFF, 0xFF, 0xFF, 0xFF, 0xFF, 0xFF, 0xFF, 0xFF, 0xFF, 0xFF, 0xFB, 0xFF, 0x98, 0x00,
        0x13, 0xEA, 0xFF, 0xFE, 0xFF, 0xFF, 0xFF, 0xFF, 0xFF, 0xFF, 0xFF, 0xFF, 0xFF, 0xFF, 0xFF, 0xFF,
        0xFF, 0xFF, 0xFC, 0xFF, 0xFF, 0xE3, 0xB2, 0x94, 0x94, 0xB2, 0xE3, 0xFF, 0xFF, 0xFC, 0xFF, 0xFF,
        0xFF, 0xFF, 0xFF, 0xFF, 0xFF, 0xFF, 0xFF, 0xFF, 0xFF, 0xFF, 0xFF, 0xFF, 0xFE, 0xFF, 0xEA, 0x13,
        0x5F, 0xFF, 0xFD, 0xFF, 0xFF, 0xFF, 0xFF, 0xFF, 0xFF, 0xFF, 0xFF, 0xFF, 0xFF, 0xFF, 0xFF, 0xFF,
        0xFF, 0xFC, 0xFF, 0xD1, 0x56, 0x0D, 0x00, 0x00, 0x00, 0x00, 0x0C, 0x56, 0xD1, 0xFF, 0xFC, 0xFF,
        0xFF, 0xFF, 0xFF, 0xFF, 0xFF, 0xFF, 0xFF, 0xFF, 0xFF, 0xFF, 0xFF, 0xFF, 0xFF, 0xFD, 0xFF, 0x5F,
        0xAF, 0xFD, 0xFC, 0xFF, 0xFF, 0xFF, 0xFF, 0xFF, 0xFF, 0xFF, 0xFF, 0xFF, 0xFF, 0xFF, 0xFF, 0xFF,
        0xFC, 0xFF, 0x9A, 0x08, 0x00, 0x00, 0x03, 0x04, 0x04, 0x03, 0x00, 0x00, 0x08, 0x9A, 0xFF, 0xFC,
        0xFF, 0xFF, 0xFF, 0xFF, 0xFF, 0xFF, 0xFF, 0xFF, 0xFF, 0xFF, 0xFF, 0xFF, 0xFF, 0xFC, 0xFD, 0xAF,
        0xF4, 0xFF, 0xFD, 0xFF, 0xFF, 0xFF, 0xFF, 0xFF, 0xFF, 0xFF, 0xFF, 0xFF, 0xFF, 0xFF, 0xFF, 0xFC,
        0xFF, 0x9C, 0x00, 0x00, 0x04, 0x01, 0x00, 0x00, 0x00, 0x00, 0x01, 0x04, 0x01, 0x00, 0x9C, 0xFF,
        0xFC, 0xFF, 0xFF, 0xFF, 0xFF, 0xFF, 0xFF, 0xFF, 0xFF, 0xFF, 0xFF, 0xFF, 0xFF, 0xFD, 0xFF, 0xF4,
        0x5B, 0xF3, 0xFF, 0xFC, 0xFF, 0xFF, 0xFF, 0xFF, 0xFF, 0xFF, 0xFF, 0xFF, 0xFF, 0xFF, 0xFD, 0xFE,
        0xD5, 0x05, 0x03, 0x02, 0x00, 0x00, 0x00, 0x00, 0x00, 0x00, 0x00, 0x00, 0x02, 0x03, 0x05, 0xD6,
        0xFE, 0xFD, 0xFF, 0xFF, 0xFF, 0xFF, 0xFF, 0xFF, 0xFF, 0xFF, 0xFF, 0xFF, 0xFC, 0xFF, 0xF3, 0x5C,
        0x00, 0x36, 0xE4, 0xFF, 0xFC, 0xFF, 0xFF, 0xFF, 0xFF, 0xFF, 0xFF, 0xFF, 0xFF, 0xFF, 0xFC, 0xFF,
        0x54, 0x00, 0x04, 0x00, 0x00, 0x00, 0x00, 0x00, 0x00, 0x00, 0x00, 0x00, 0x00, 0x04, 0x00, 0x54,
        0xFF, 0xFC, 0xFF, 0xFF, 0xFF, 0xFF, 0xFF, 0xFF, 0xFF, 0xFF, 0xFF, 0xFC, 0xFF, 0xE4, 0x36, 0x00,
        0x04, 0x00, 0x1F, 0xCC, 0xFF, 0xFD, 0xFF, 0xFF, 0xFF, 0xFF, 0xFF, 0xFF, 0xFF, 0xFD, 0xFF, 0xE5,
        0x09, 0x01, 0x01, 0x00, 0x00, 0x00, 0x00, 0x00, 0x00, 0x00, 0x00, 0x00, 0x00, 0x01, 0x01, 0x09,
        0xE6, 0xFF, 0xFD, 0xFF, 0xFF, 0xFF, 0xFF, 0xFF, 0xFF, 0xFF, 0xFD, 0xFF, 0xCD, 0x20, 0x00, 0x04,
        0x00, 0x03, 0x00, 0x0C, 0xCA, 0xFE, 0xFD, 0xFF, 0xFF, 0xFF, 0xFF, 0xFF, 0xFF, 0xFC, 0xFF, 0xB1,
        0x00, 0x03, 0x00, 0x00, 0x00, 0x00, 0x00, 0x00, 0x00, 0x00, 0x00, 0x00, 0x00, 0x00, 0x03, 0x00,
        0xB1, 0xFF, 0xFC, 0xFF, 0xFF, 0xFF, 0xFF, 0xFF, 0xFF, 0xFD, 0xFE, 0xCA, 0x0D, 0x00, 0x03, 0x00,
        0x00, 0x00, 0x05, 0x00, 0xA5, 0xFF, 0xFB, 0xFF, 0xFF, 0xFF, 0xFF, 0xFF, 0xFF, 0xFB, 0xFF, 0x94,
        0x00, 0x04, 0x00, 0x00, 0x00, 0x00, 0x00, 0x00, 0x00, 0x00, 0x00, 0x00, 0x00, 0x00, 0x04, 0x00,
        0x94, 0xFF, 0xFB, 0xFF, 0xFF, 0xFF, 0xFF, 0xFF, 0xFF, 0xFB, 0xFF, 0xA5, 0x00, 0x05, 0x00, 0x00,
        0x00, 0x00, 0x05, 0x00, 0xA5, 0xFF, 0xFB, 0xFF, 0xFF, 0xFF, 0xFF, 0xFF, 0xFF, 0xFB, 0xFF, 0x94,
        0x01, 0x04, 0x00, 0x00, 0x00, 0x00, 0x00, 0x00, 0x00, 0x00, 0x00, 0x00, 0x00, 0x00, 0x04, 0x00,
        0x94, 0xFF, 0xFB, 0xFF, 0xFF, 0xFF, 0xFF, 0xFF, 0xFF, 0xFB, 0xFF, 0xA5, 0x00, 0x05, 0x00, 0x00,
        0x00, 0x03, 0x00, 0x0A, 0xC8, 0xFE, 0xFC, 0xFF, 0xFF, 0xFF, 0xFF, 0xFF, 0xFF, 0xFC, 0xFF, 0xB1,
        0x00, 0x03, 0x00, 0x00, 0x00, 0x00, 0x00, 0x00, 0x00, 0x00, 0x00, 0x00, 0x00, 0x00, 0x03, 0x00,
        0xB2, 0xFF, 0xFC, 0xFF, 0xFF, 0xFF, 0xFF, 0xFF, 0xFF, 0xFC, 0xFE, 0xC8, 0x0A, 0x00, 0x03, 0x00,
        0x04, 0x00, 0x1C, 0xC8, 0xFF, 0xFD, 0xFF, 0xFF, 0xFF, 0xFF, 0xFF, 0xFF, 0xFF, 0xFD, 0xFF, 0xE6,
        0x09, 0x01, 0x01, 0x00, 0x00, 0x00, 0x00, 0x00, 0x00, 0x00, 0x00, 0x00, 0x00, 0x01, 0x01, 0x0A,
        0xE6, 0xFF, 0xFD, 0xFF, 0xFF, 0xFF, 0xFF, 0xFF, 0xFF, 0xFF, 0xFD, 0xFF, 0xC8, 0x1C, 0x00, 0x04,
        0x00, 0x31, 0xE0, 0xFF, 0xFC, 0xFF, 0xFF, 0xFF, 0xFF, 0xFF, 0xFF, 0xFF, 0xFF, 0xFF, 0xFC, 0xFF,
        0x55, 0x00, 0x04, 0x00, 0x00, 0x00, 0x00, 0x00, 0x00, 0x00, 0x00, 0x00, 0x00, 0x04, 0x00, 0x56,
        0xFF, 0xFC, 0xFF, 0xFF, 0xFF, 0xFF, 0xFF, 0xFF, 0xFF, 0xFF, 0xFF, 0xFC, 0xFF, 0xE1, 0x32, 0x00,
        0x56, 0xF1, 0xFF, 0xFC, 0xFF, 0xFF, 0xFF, 0xFF, 0xFF, 0xFF, 0xFF, 0xFF, 0xFF, 0xFF, 0xFD, 0xFE,
        0xD7, 0x06, 0x02, 0x02, 0x00, 0x00, 0x00, 0x00, 0x00, 0x00, 0x00, 0x00, 0x02, 0x02, 0x06, 0xD7,
        0xFE, 0xFD, 0xFF, 0xFF, 0xFF, 0xFF, 0xFF, 0xFF, 0xFF, 0xFF, 0xFF, 0xFF, 0xFC, 0xFF, 0xF1, 0x57,
        0xF2, 0xFF, 0xFC, 0xFF, 0xFF, 0xFF, 0xFF, 0xFF, 0xFF, 0xFF, 0xFF, 0xFF, 0xFF, 0xFF, 0xFF, 0xFC,
        0xFF, 0x9E, 0x00, 0x00, 0x04, 0x01, 0x00, 0x00, 0x00, 0x00, 0x01, 0x04, 0x00, 0x00, 0x9E, 0xFF,
        0xFC, 0xFF, 0xFF, 0xFF, 0xFF, 0xFF, 0xFF, 0xFF, 0xFF, 0xFF, 0xFF, 0xFF, 0xFF, 0xFC, 0xFF, 0xF2,
        0xAD, 0xFD, 0xFC, 0xFF, 0xFF, 0xFF, 0xFF, 0xFF, 0xFF, 0xFF, 0xFF, 0xFF, 0xFF, 0xFF, 0xFF, 0xFF,
        0xFC, 0xFF, 0x9D, 0x09, 0x00, 0x00, 0x03, 0x04, 0x04, 0x03, 0x00, 0x00, 0x09, 0x9C, 0xFF, 0xFC,
        0xFF, 0xFF, 0xFF, 0xFF, 0xFF, 0xFF, 0xFF, 0xFF, 0xFF, 0xFF, 0xFF, 0xFF, 0xFF, 0xFC, 0xFD, 0xAD,
        0x5D, 0xFF, 0xFD, 0xFF, 0xFF, 0xFF, 0xFF, 0xFF, 0xFF, 0xFF, 0xFF, 0xFF, 0xFF, 0xFF, 0xFF, 0xFF,
        0xFF, 0xFC, 0xFF, 0xD4, 0x5A, 0x0E, 0x00, 0x00, 0x00, 0x00, 0x0E, 0x59, 0xD3, 0xFF, 0xFC, 0xFF,
        0xFF, 0xFF, 0xFF, 0xFF, 0xFF, 0xFF, 0xFF, 0xFF, 0xFF, 0xFF, 0xFF, 0xFF, 0xFF, 0xFD, 0xFF, 0x5D,
        0x12, 0xEA, 0xFF, 0xFE, 0xFF, 0xFF, 0xFF, 0xFF, 0xFF, 0xFF, 0xFF, 0xFF, 0xFF, 0xFF, 0xFF, 0xFF,
        0xFF, 0xFF, 0xFC, 0xFF, 0xFF, 0xE5, 0xB5, 0x97, 0x97, 0xB5, 0xE5, 0xFF, 0xFF, 0xFC, 0xFF, 0xFF,
        0xFF, 0xFF, 0xFF, 0xFF, 0xFF, 0xFF, 0xFF, 0xFF, 0xFF, 0xFF, 0xFF, 0xFF, 0xFE, 0xFF, 0xEA, 0x12,
        0x00, 0x97, 0xFF, 0xFB, 0xFF, 0xFF, 0xFF, 0xFF, 0xFF, 0xFF, 0xFF, 0xFF, 0xFF, 0xFF, 0xFF, 0xFF,
        0xFF, 0xFF, 0xFF, 0xFD, 0xFC, 0xFF, 0xFF, 0xFF, 0xFF, 0xFF, 0xFF, 0xFC, 0xFD, 0xFF, 0xFF, 0xFF,
        0xFF, 0xFF, 0xFF, 0xFF, 0xFF, 0xFF, 0xFF, 0xFF, 0xFF, 0xFF, 0xFF, 0xFF, 0xFB, 0xFF, 0x97, 0x00,
        0x00, 0x2B, 0xFD, 0xFD, 0xFE, 0xFF, 0xFE, 0xFE, 0xFD, 0xFE, 0xFF, 0xFF, 0xFF, 0xFF, 0xFF, 0xFF,
        0xFF, 0xFF, 0xFF, 0xFF, 0xFF, 0xFE, 0xFC, 0xFB, 0xFB, 0xFC, 0xFD, 0xFF, 0xFF, 0xFF, 0xFF, 0xFF,
        0xFF, 0xFF, 0xFF, 0xFF, 0xFF, 0xFF, 0xFE, 0xFD, 0xFE, 0xFE, 0xFF, 0xFE, 0xFD, 0xFD, 0x2B, 0x00,
        0x03, 0x00, 0xA7, 0xFF, 0xF9, 0xFE, 0xFF, 0xFF, 0xFF, 0xFF, 0xFE, 0xFF, 0xFF, 0xFF, 0xFF, 0xFF,
        0xFF, 0xFF, 0xFF, 0xFF, 0xFF, 0xFF, 0xFF, 0xFF, 0xFF, 0xFF, 0xFF, 0xFF, 0xFF, 0xFF, 0xFF, 0xFF,
        0xFF, 0xFF, 0xFF, 0xFF, 0xFF, 0xFE, 0xFF, 0xFF, 0xFF, 0xFF, 0xFE, 0xF9, 0xFF, 0xA7, 0x00, 0x03,
        0x02, 0x01, 0x22, 0xF9, 0xFF, 0xFF, 0xFC, 0xF2, 0xE4, 0xFF, 0xFF, 0xFE, 0xFF, 0xFF, 0xFF, 0xFF,
        0xFF, 0xFF, 0xFF, 0xFF, 0xFF, 0xFF, 0xFF, 0xFF, 0xFF, 0xFF, 0xFF, 0xFF, 0xFF, 0xFF, 0xFF, 0xFF,
        0xFF, 0xFF, 0xFF, 0xFF, 0xFE, 0xFF, 0xFF, 0xE4, 0xF1, 0xFB, 0xFF, 0xFF, 0xF9, 0x22, 0x01, 0x02,
        0x00, 0x01, 0x00, 0x3A, 0x46, 0x33, 0x24, 0x18, 0x0A, 0x57, 0xFF, 0xFF, 0xFE, 0xFF, 0xFF, 0xFF,
        0xFF, 0xFF, 0xFF, 0xFF, 0xFF, 0xFF, 0xFF, 0xFF, 0xFF, 0xFF, 0xFF, 0xFF, 0xFF, 0xFF, 0xFF, 0xFF,
        0xFF, 0xFF, 0xFF, 0xFE, 0xFF, 0xFF, 0x57, 0x09, 0x17, 0x23, 0x31, 0x45, 0x39, 0x00, 0x01, 0x00,
        0x00, 0x00, 0x01, 0x00, 0x00, 0x00, 0x00, 0x00, 0x00, 0x00, 0x56, 0xF6, 0xFD, 0xFE, 0xFF, 0xFF,
        0xFF, 0xFF, 0xFF, 0xFF, 0xFF, 0xFF, 0xFF, 0xFF, 0xFF, 0xFF, 0xFF, 0xFF, 0xFF, 0xFF, 0xFF, 0xFF,
        0xFF, 0xFF, 0xFE, 0xFD, 0xF6, 0x56, 0x00, 0x00, 0x00, 0x00, 0x00, 0x00, 0x00, 0x01, 0x00, 0x00,
        0x00, 0x00, 0x00, 0x03, 0x03, 0x02, 0x02, 0x01, 0x02, 0x02, 0x00, 0xE0, 0xFF, 0xFD, 0xFF, 0xFF,
        0xFF, 0xFF, 0xFF, 0xFF, 0xFF, 0xFF, 0xFF, 0xFF, 0xFF, 0xFF, 0xFF, 0xFF, 0xFF, 0xFF, 0xFF, 0xFF,
        0xFF, 0xFF, 0xFD, 0xFF, 0xE0, 0x00, 0x02, 0x02, 0x01, 0x02, 0x02, 0x03, 0x03, 0x00, 0x00, 0x00,
        0x00, 0x00, 0x00, 0x00, 0x00, 0x00, 0x00, 0x00, 0x01, 0x00, 0x15, 0xEF, 0xFF, 0xFE, 0xFF, 0xFF,
        0xFF, 0xFF, 0xFF, 0xFF, 0xFF, 0xFF, 0xFF, 0xFF, 0xFF, 0xFF, 0xFF, 0xFF, 0xFF, 0xFF, 0xFF, 0xFF,
        0xFF, 0xFF, 0xFE, 0xFF, 0xEF, 0x15, 0x00, 0x01, 0x00, 0x00, 0x00, 0x00, 0x00, 0x00, 0x00, 0x00,
        0x00, 0x00, 0x00, 0x00, 0x00, 0x00, 0x00, 0x00, 0x02, 0x00, 0x20, 0xFA, 0xFF, 0xFE, 0xFF, 0xFF,
        0xFF, 0xFF, 0xFF, 0xFF, 0xFF, 0xFF, 0xFD, 0xFB, 0xFB, 0xFD, 0xFF, 0xFF, 0xFF, 0xFF, 0xFF, 0xFF,
        0xFF, 0xFF, 0xFE, 0xFF, 0xFA, 0x20, 0x00, 0x02, 0x00, 0x00, 0x00, 0x00, 0x00, 0x00, 0x00, 0x00,
        0x00, 0x00, 0x00, 0x00, 0x00, 0x00, 0x00, 0x00, 0x02, 0x00, 0x2E, 0xFE, 0xFF, 0xFF, 0xFF, 0xFF,
        0xFF, 0xFF, 0xFF, 0xFF, 0xFF, 0xFD, 0xFF, 0xFF, 0xFF, 0xFF, 0xFD, 0xFF, 0xFF, 0xFF, 0xFF, 0xFF,
        0xFF, 0xFF, 0xFF, 0xFF, 0xFE, 0x2D, 0x00, 0x02, 0x00, 0x00, 0x00, 0x00, 0x00, 0x00, 0x00, 0x00,
        0x00, 0x00, 0x00, 0x00, 0x00, 0x00, 0x00, 0x00, 0x03, 0x00, 0x44, 0xFF, 0xF9, 0xFF, 0xFF, 0xFF,
        0xFF, 0xFF, 0xFF, 0xFF, 0xFC, 0xFF, 0xCC, 0xA8, 0xA8, 0xCC, 0xFF, 0xFC, 0xFF, 0xFF, 0xFF, 0xFF,
        0xFF, 0xFF, 0xFF, 0xFA, 0xFF, 0x44, 0x00, 0x03, 0x00, 0x00, 0x00, 0x00, 0x00, 0x00, 0x00, 0x00,
        0x00, 0x00, 0x00, 0x00, 0x00, 0x00, 0x00, 0x00, 0x02, 0x01, 0x38, 0xF3, 0xFF, 0xFF, 0xFB, 0xFE,
        0xFF, 0xFF, 0xFF, 0xFC, 0xFF, 0xCF, 0x0B, 0x00, 0x00, 0x0B, 0xCE, 0xFF, 0xFC, 0xFF, 0xFF, 0xFF,
        0xFE, 0xFB, 0xFF, 0xFF, 0xF3, 0x38, 0x01, 0x02, 0x00, 0x00, 0x00, 0x00, 0x00, 0x00, 0x00, 0x00,
        0x00, 0x00, 0x00, 0x00, 0x00, 0x00, 0x00, 0x00, 0x00, 0x01, 0x00, 0x26, 0xA2, 0xFC, 0xFF, 0xFF,
        0xFD, 0xFD, 0xFC, 0xFF, 0xE6, 0x1D, 0x00, 0x05, 0x05, 0x00, 0x1D, 0xE6, 0xFF, 0xFC, 0xFD, 0xFD,
        0xFF, 0xFF, 0xFD, 0xA3, 0x26, 0x00, 0x01, 0x00, 0x00, 0x00, 0x00, 0x00, 0x00, 0x00, 0x00, 0x00,
        0x00, 0x00, 0x00, 0x00, 0x00, 0x00, 0x00, 0x00, 0x00, 0x00, 0x01, 0x00, 0x00, 0x2F, 0x94, 0xE4,
        0xFF, 0xFF, 0xFF, 0xF2, 0x34, 0x00, 0x03, 0x00, 0x00, 0x03, 0x00, 0x34, 0xF2, 0xFF, 0xFF, 0xFF,
        0xE5, 0x95, 0x2F, 0x00, 0x00, 0x01, 0x00, 0x00, 0x00, 0x00, 0x00, 0x00, 0x00, 0x00, 0x00, 0x00,
        0x00, 0x00, 0x00, 0x00, 0x00, 0x00, 0x00, 0x00, 0x00, 0x00, 0x00, 0x02, 0x03, 0x00, 0x00, 0x14,
        0x5D, 0xAB, 0xE6, 0x5A, 0x00, 0x04, 0x00, 0x00, 0x00, 0x00, 0x04, 0x00, 0x5A, 0xE7, 0xAC, 0x5E,
        0x15, 0x00, 0x00, 0x03, 0x02, 0x00, 0x00, 0x00, 0x00, 0x00, 0x00, 0x00, 0x00, 0x00, 0x00, 0x00,
    },
    // radio
    {
        0x00, 0x00, 0x00, 0x00, 0x00, 0x00, 0x00, 0x00, 0x00, 0x00, 0x00, 0x00, 0x00, 0x00, 0x00, 0x00,
        0x00, 0x00, 0x00, 0x00, 0x00, 0x00, 0x00, 0x00, 0x00, 0x00, 0x00, 0x00, 0x00, 0x00, 0x00, 0x00,
        0x00, 0x00, 0x00, 0x00, 0x00, 0x00, 0x00, 0x00, 0x00, 0x00, 0x00, 0x00, 0x00, 0x00, 0x00, 0x00,
        0x00, 0x00, 0x00, 0x00, 0x00, 0x00, 0x00, 0x00, 0x00, 0x00, 0x00, 0x00, 0x00, 0x00, 0x00, 0x00,
        0x00, 0x00, 0x00, 0x00, 0x00, 0x00, 0x00, 0x00, 0x00, 0x00, 0x00, 0x00, 0x00, 0x00, 0x00, 0x00,
        0x00, 0x00, 0x02, 0x00, 0x6C, 0xCD, 0x85, 0x01, 0x02, 0x00, 0x00, 0x00, 0x00, 0x00, 0x00, 0x00,
        0x00, 0x00, 0x00, 0x00, 0x00, 0x00, 0x00, 0x00, 0x00, 0x00, 0x00, 0x00, 0x00, 0x00, 0x00, 0x00,
        0x00, 0x00, 0x00, 0x00, 0x00, 0x00, 0x00, 0x00, 0x00, 0x00, 0x00, 0x00, 0x00, 0x00, 0x00, 0x00,
        0x00, 0x03, 0x04, 0x1F, 0xFF, 0xFF, 0xFF, 0x40, 0x01, 0x03, 0x00, 0x00, 0x00, 0x00, 0x00, 0x00,
        0x00, 0x00, 0x00, 0x00, 0x00, 0x00, 0x00, 0x00, 0x00, 0x00, 0x00, 0x00, 0x00, 0x00, 0x00, 0x00,
        0x00, 0x00, 0x00, 0x00, 0x00, 0x00, 0x00, 0x00, 0x00, 0x00, 0x00, 0x00, 0x00, 0x00, 0x01, 0x03,
        0x03, 0x00, 0x00, 0x09, 0xE8, 0xFB, 0xFD, 0x9D, 0x00, 0x03, 0x00, 0x00, 0x00, 0x00, 0x00, 0x00,
        0x00, 0x00, 0x00, 0x00, 0x00, 0x00, 0x00, 0x00, 0x00, 0x00, 0x00, 0x00, 0x00, 0x00, 0x00, 0x00,
        0x00, 0x00, 0x00, 0x00, 0x00, 0x00, 0x00, 0x00, 0x00, 0x00, 0x00, 0x01, 0x03, 0x03, 0x00, 0x00,
        0x00, 0x18, 0x61, 0xB6, 0xF4, 0xFD, 0xFF, 0xEC, 0x0F, 0x00, 0x01, 0x00, 0x00, 0x00, 0x00, 0x00,
        0x00, 0x00, 0x00, 0x00, 0x00, 0x00, 0x00, 0x00, 0x00, 0x00, 0x00, 0x00, 0x00, 0x00, 0x00, 0x00,
        0x00, 0x00, 0x00, 0x00, 0x00, 0x00, 0x00, 0x00, 0x00, 0x02, 0x04, 0x00, 0x00, 0x00, 0x0C, 0x4F,
        0xA6, 0xED, 0xFF, 0xFF, 0xFF, 0xFF, 0xFC, 0xFF, 0x59, 0x00, 0x04, 0x00, 0x00, 0x00, 0x00, 0x00,
        0x00, 0x00, 0x00, 0x00, 0x00, 0x00, 0x00, 0x00, 0x00, 0x00, 0x00, 0x00, 0x00, 0x00, 0x00, 0x00,
        0x00, 0x00, 0x00, 0x00, 0x00, 0x00, 0x02, 0x04, 0x01, 0x00, 0x00, 0x03, 0x3E, 0x94, 0xE0, 0xFF,
        0xFF, 0xFF, 0xFF, 0xFF, 0xED, 0xF5, 0xF8, 0xFB, 0xAE, 0x00, 0x03, 0x00, 0x00, 0x00, 0x00, 0x00,
        0x00, 0x00, 0x00, 0x00, 0x00, 0x00, 0x00, 0x00, 0x00, 0x00, 0x00, 0x00, 0x00, 0x00, 0x00, 0x00,
        0x00, 0x00, 0x00, 0x01, 0x03, 0x02, 0x00, 0x00, 0x00, 0x2E, 0x81, 0xD3, 0xFF, 0xFF, 0xFF, 0xFF,
        0xFF, 0xF9, 0xBD, 0x69, 0x16, 0x83, 0xFF, 0xFF, 0x8A, 0x00, 0x03, 0x00, 0x00, 0x00, 0x00, 0x00,
        0x00, 0x00, 0x00, 0x00, 0x00, 0x00, 0x00, 0x00, 0x00, 0x00, 0x00, 0x00, 0x00, 0x00, 0x00, 0x00,
        0x01, 0x03, 0x03, 0x00, 0x00, 0x00, 0x20, 0x6E, 0xC3, 0xFC, 0xFF, 0xFF, 0xFF, 0xFF, 0xFF, 0xCD,
        0x7A, 0x29, 0x00, 0x00, 0x00, 0x07, 0x6E, 0x70, 0x07, 0x01, 0x01, 0x00, 0x00, 0x00, 0x00, 0x00,
        0x00, 0x00, 0x00, 0x00, 0x00, 0x00, 0x00, 0x00, 0x00, 0x00, 0x00, 0x00, 0x00, 0x00, 0x02, 0x04,
        0x00, 0x00, 0x00, 0x13, 0x5B, 0xB2, 0xF3, 0xFF, 0xFF, 0xFF, 0xFF, 0xFF, 0xDC, 0x8D, 0x38, 0x00,
        0x00, 0x00, 0x01, 0x04, 0x01, 0x00, 0x00, 0x00, 0x00, 0x00, 0x00, 0x00, 0x00, 0x00, 0x00, 0x00,
        0x00, 0x00, 0x00, 0x00, 0x00, 0x00, 0x00, 0x00, 0x00, 0x00, 0x00, 0x02, 0x04, 0x00, 0x00, 0x00,
        0x09, 0x49, 0xA0, 0xE8, 0xFF, 0xFF, 0xFF, 0xFF, 0xFF, 0xE9, 0xA0, 0x49, 0x09, 0x00, 0x00, 0x00,
        0x04, 0x02, 0x00, 0x00, 0x00, 0x01, 0x04, 0x04, 0x01, 0x00, 0x00, 0x00, 0x00, 0x00, 0x00, 0x00,
        0x00, 0x00, 0x00, 0x00, 0x00, 0x00, 0x00, 0x00, 0x01, 0x04, 0x01, 0x00, 0x00, 0x00, 0x38, 0x8D,
        0xDC, 0xFF, 0xFF, 0xFF, 0xFF, 0xFF, 0xF3, 0xB2, 0x5B, 0x13, 0x00, 0x00, 0x00, 0x04, 0x03, 0x00,
        0x00, 0x00, 0x00, 0x00, 0x00, 0x00, 0x00, 0x00, 0x00, 0x00, 0x00, 0x00, 0x00, 0x00, 0x00, 0x00,
        0x00, 0x00, 0x00, 0x01, 0x03, 0x03, 0x03, 0x03, 0x00, 0x00, 0x00, 0x29, 0x7A, 0xCD, 0xFF, 0xFF,
        0xFF, 0xFF, 0xFF, 0xFF, 0xC6, 0x72, 0x23, 0x00, 0x00, 0x00, 0x06, 0x06, 0x04, 0x03, 0x03, 0x03,
        0x03, 0x03, 0x03, 0x03, 0x03, 0x03, 0x03, 0x03, 0x03, 0x03, 0x03, 0x03, 0x02, 0x00, 0x00, 0x00,
        0x00, 0x01, 0x03, 0x00, 0x00, 0x00, 0x00, 0x00, 0x1B, 0x67, 0xBD, 0xFA, 0xFF, 0xFF, 0xFE, 0xFD,
        0xF4, 0xC5, 0x73, 0x20, 0x00, 0x00, 0x00, 0x00, 0x00, 0x00, 0x00, 0x00, 0x00, 0x00, 0x00, 0x00,
        0x00, 0x00, 0x00, 0x00, 0x00, 0x00, 0x00, 0x00, 0x00, 0x00, 0x00, 0x00, 0x00, 0x03, 0x01, 0x00,
        0x01, 0x00, 0x00, 0x17, 0x3D, 0x45, 0x5A, 0xAC, 0xF1, 0xFF, 0xFF, 0xFF, 0xFB, 0xFC, 0xFE, 0xDA,
        0x86, 0x4B, 0x37, 0x3E, 0x49, 0x4B, 0x49, 0x48, 0x48, 0x48, 0x48, 0x48, 0x48, 0x48, 0x48, 0x48,
        0x48, 0x48, 0x48, 0x48, 0x48, 0x48, 0x48, 0x48, 0x48, 0x47, 0x48, 0x40, 0x1A, 0x00, 0x00, 0x01,
        0x00, 0x0C, 0x95, 0xEF, 0xFF, 0xFF, 0xFF, 0xFF, 0xFF, 0xFC, 0xFC, 0xFE, 0xFF, 0xFF, 0xFF, 0xFB,
        0xFF, 0xFF, 0xFF, 0xFF, 0xFF, 0xFF, 0xFF, 0xFF, 0xFF, 0xFF, 0xFF, 0xFF, 0xFF, 0xFF, 0xFF, 0xFF,
        0xFF, 0xFF, 0xFF, 0xFF, 0xFF, 0xFF, 0xFF, 0xFF, 0xFF, 0xFF, 0xFF, 0xFF, 0xF1, 0x9A, 0x0E, 0x00,
        0x09, 0xBE, 0xFF, 0xFF, 0xFD, 0xFD, 0xFC, 0xFC, 0xFE, 0xFF, 0xFF, 0xFF, 0xFF, 0xFF, 0xFF, 0xFF,
        0xFF, 0xFD, 0xFC, 0xFC, 0xFC, 0xFC, 0xFC, 0xFC, 0xFC, 0xFC, 0xFC, 0xFC, 0xFC, 0xFC, 0xFC, 0xFC,
        0xFC, 0xFC, 0xFC, 0xFC, 0xFC, 0xFC, 0xFC, 0xFC, 0xFC, 0xFC, 0xFC, 0xFD, 0xFF, 0xFF, 0xC2, 0x0B,
        0x81, 0xFF, 0xF9, 0xFE, 0xFF, 0xFF, 0xFF, 0xFF, 0xFF, 0xFF, 0xFF, 0xFF, 0xFF, 0xFF, 0xFF, 0xFF,
        0xFF, 0xFF, 0xFF, 0xFF, 0xFF, 0xFF, 0xFF, 0xFF, 0xFF, 0xFF, 0xFF, 0xFF, 0xFF, 0xFF, 0xFF, 0xFF,
        0xFF, 0xFF, 0xFF, 0xFF, 0xFF, 0xFF, 0xFF, 0xFF, 0xFF, 0xFF, 0xFF, 0xFF, 0xFE, 0xF9, 0xFF, 0x85,
        0xE4, 0xFD, 0xFE, 0xFF, 0xFF, 0xFF, 0xFF, 0xFF, 0xFF, 0xFF, 0xFF, 0xFF, 0xFF, 0xFF, 0xFF, 0xFF,
        0xFF, 0xFF, 0xFF, 0xFF, 0xFF, 0xFF, 0xFF, 0xFF, 0xFF, 0xFF, 0xFF, 0xFF, 0xFF, 0xFF, 0xFF, 0xFF,
        0xFF, 0xFF, 0xFF, 0xFF, 0xFF, 0xFF, 0xFF, 0xFF, 0xFF, 0xFF, 0xFF, 0xFF, 0xFF, 0xFE, 0xFD, 0xE8,
        0xFD, 0xFF, 0xFF, 0xFF, 0xFF, 0xFF, 0xFF, 0xFF, 0xFF, 0xFF, 0xFF, 0xFF, 0xFF, 0xFF, 0xFF, 0xFF,
        0xFF, 0xFF, 0xFF, 0xFF, 0xFF, 0xFF, 0xFF, 0xFF, 0xFF, 0xFF, 0xFF, 0xFF, 0xFF, 0xFF, 0xFF, 0xFF,
        0xFF, 0xFF, 0xFF, 0xFF, 0xFF, 0xFF, 0xFF, 0xFF, 0xFF, 0xFF, 0xFF, 0xFF, 0xFF, 0xFF, 0xFF, 0xFF,
        0xFF, 0xFF, 0xFF, 0xFF, 0xFF, 0xFF, 0xFF, 0xFF, 0xFF, 0xFF, 0xFF, 0xFF, 0xFF, 0xFF, 0xFF, 0xFF,
        0xFF, 0xFF, 0xFF, 0xFF, 0xFF, 0xFF, 0xFF, 0xFF, 0xFF, 0xFF, 0xFF, 0xFF, 0xFF, 0xFF, 0xFF, 0xFF,
        0xFF, 0xFF, 0xFF, 0xFF, 0xFF, 0xFF, 0xFF, 0xFF, 0xFF, 0xFF, 0xFF, 0xFF, 0xFF, 0xFF, 0xFF, 0xFF,
        0xFF, 0xFF, 0xFF, 0xFF, 0xFF, 0xFF, 0xFF, 0xFF, 0xFF, 0xFF, 0xFF, 0xFF, 0xFF, 0xFF, 0xFF, 0xFF,
        0xFF, 0xFF, 0xFF, 0xFF, 0xFF, 0xFF, 0xFF, 0xFF, 0xFF, 0xFF, 0xFF, 0xFF, 0xFF, 0xFF, 0xFF, 0xFF,
        0xFF, 0xFF, 0xFF, 0xFF, 0xFF, 0xFF, 0xFF, 0xFF, 0xFF, 0xFF, 0xFF, 0xFF, 0xFF, 0xFF, 0xFF, 0xFF,
        0xFF, 0xFF, 0xFF, 0xFF, 0xFF, 0xFF, 0xFF, 0xFF, 0xFF, 0xFF, 0xFF, 0xFF, 0xFF, 0xFF, 0xFF, 0xFF,
        0xFF, 0xFF, 0xFF, 0xFF, 0xFF, 0xFF, 0xFF, 0xFF, 0xFF, 0xFF, 0xFF, 0xFF, 0xFF, 0xFF, 0xFF, 0xFF,
        0xFF, 0xFF, 0xFF, 0xFF, 0xFF, 0xFF, 0xFF, 0xFF, 0xFF, 0xFF, 0xFF, 0xFF, 0xFF, 0xFF, 0xFF, 0xFF,
        0xFF, 0xFF, 0xFF, 0xFF, 0xFF, 0xFF, 0xFF, 0xFF, 0xFF, 0xFF, 0xFF, 0xFF, 0xFF, 0xFF, 0xFF, 0xFF,
        0xFF, 0xFF, 0xFF, 0xFF, 0xFF, 0xFF, 0xFF, 0xFF, 0xFF, 0xFF, 0xFF, 0xFF, 0xFF, 0xFF, 0xFF, 0xFF,
        0xFF, 0xFF, 0xFF, 0xFF, 0xFF, 0xFF, 0xFF, 0xFF, 0xFF, 0xFF, 0xFF, 0xFF, 0xFF, 0xFF, 0xFF, 0xFF,
        0xFF, 0xFF, 0xFF, 0xFF, 0xFF, 0xFF, 0xFF, 0xFF, 0xFF, 0xFF, 0xFF, 0xFF, 0xFF, 0xFF, 0xFF, 0xFF,
        0xFF, 0xFF, 0xFF, 0xFF, 0xFF, 0xFF, 0xFF, 0xFF, 0xFF, 0xFF, 0xFF, 0xFF, 0xFF, 0xFF, 0xFF, 0xFF,
        0xFF, 0xFF, 0xFF, 0xFF, 0xFF, 0xFF, 0xFF, 0xFF, 0xFF, 0xFF, 0xFF, 0xFF, 0xFF, 0xFF, 0xFF, 0xFF,
        0xFF, 0xFF, 0xFF, 0xFF, 0xFF, 0xFF, 0xFF, 0xFF, 0xFF, 0xFF, 0xFF, 0xFF, 0xFF, 0xFF, 0xFF, 0xFF,
        0xFF, 0xFF, 0xFF, 0xFF, 0xFF, 0xFF, 0xFF, 0xFF, 0xFF, 0xFF, 0xFF, 0xFF, 0xFF, 0xFF, 0xFF, 0xFF,
        0xFF, 0xFF, 0xFF, 0xFF, 0xFF, 0xFF, 0xFF, 0xFF, 0xFF, 0xFF, 0xFF, 0xFF, 0xFF, 0xFF, 0xFF, 0xFF,
        0xFF, 0xFF, 0xFF, 0xFF, 0xFF, 0xFF, 0xFF, 0xFF, 0xFF, 0xFF, 0xFF, 0xFF, 0xFF, 0xFF, 0xFF, 0xFF,
        0xFF, 0xFF, 0xFF, 0xFF, 0xFF, 0xFF, 0xFF, 0xFF, 0xFF, 0xFF, 0xFF, 0xFF, 0xFF, 0xFF, 0xFF, 0xFF,
        0xFF, 0xFF, 0xFF, 0xFF, 0xFF, 0xFF, 0xFF, 0xFF, 0xFF, 0xFF, 0xFF, 0xFF, 0xFF, 0xFF, 0xFF, 0xFF,
        0xFF, 0xFF, 0xFF, 0xFF, 0xFF, 0xFF, 0xFF, 0xFF, 0xFF, 0xFF, 0xFF, 0xFF, 0xFF, 0xFF, 0xFF, 0xFF,
        0xFF, 0xFF, 0xFF, 0xFF, 0xFF, 0xFF, 0xFF, 0xFF, 0xFF, 0xFF, 0xFF, 0xFF, 0xFF, 0xFF, 0xFF, 0xFF,
        0xFF, 0xFF, 0xFF, 0xFF, 0xFF, 0xFF, 0xFF, 0xFF, 0xFF, 0xFF, 0xFF, 0xFF, 0xFF, 0xFF, 0xFF, 0xFF,
        0xFF, 0xFF, 0xFF, 0xFF, 0xFF, 0xFF, 0xFF, 0xFF, 0xFF, 0xFF, 0xFF, 0xFF, 0xFF, 0xFF, 0xFF, 0xFF,
        0xFF, 0xFF, 0xFF, 0xFF, 0xFF, 0xFF, 0xFF, 0xFF, 0xFF, 0xFF, 0xFF, 0xFF, 0xFF, 0xFF, 0xFF, 0xFF,
        0xFF, 0xFF, 0xFF, 0xFF, 0xFF, 0xFF, 0xFF, 0xFF, 0xFF, 0xFF, 0xFF, 0xFF, 0xFF, 0xFF, 0xFF, 0xFF,
        0xFF, 0xFF, 0xFF, 0xFF, 0xFF, 0xFF, 0xFF, 0xFF, 0xFF, 0xFF, 0xFF, 0xFF, 0xFF, 0xFF, 0xFF, 0xFF,
        0xFF, 0xFF, 0xFF, 0xFF, 0xFF, 0xFF, 0xFF, 0xFF, 0xFF, 0xFF, 0xFF, 0xFF, 0xFF, 0xFF, 0xFF, 0xFF,
        0xFF, 0xFF, 0xFF, 0xFF, 0xFF, 0xFF, 0xFF, 0xFF, 0xFF, 0xFF, 0xFF, 0xFF, 0xFF, 0xFF, 0xFF, 0xFF,
        0xFF, 0xFF, 0xFF, 0xFF, 0xFF, 0xFF, 0xFF, 0xFF, 0xFF, 0xFF, 0xFF, 0xFF, 0xFF, 0xFF, 0xFF, 0xFF,
        0xFF, 0xFF, 0xFF, 0xFF, 0xFF, 0xFF, 0xFF, 0xFF, 0xFF, 0xFF, 0xFF, 0xFF, 0xFF, 0xFF, 0xFF, 0xFF,
        0xFF, 0xFF, 0xFF, 0xFF, 0xFF, 0xFF, 0xFF, 0xFF, 0xFF, 0xFF, 0xFF, 0xFF, 0xFF, 0xFF, 0xFF, 0xFF,
        0xFF, 0xFF, 0xFF, 0xFF, 0xFF, 0xFF, 0xFF, 0xFF, 0xFF, 0xFF, 0xFF, 0xFF, 0xFF, 0xFF, 0xFF, 0xFF,
        0xFF, 0xFF, 0xFF, 0xFF, 0xFF, 0xFF, 0xFF, 0xFF, 0xFF, 0xFF, 0xFF, 0xFF, 0xFF, 0xFF, 0xFF, 0xFF,
        0xFF, 0xFF, 0xFF, 0xFF, 0xFF, 0xFF, 0xFF, 0xFF, 0xFF, 0xFF, 0xFF, 0xFF, 0xFF, 0xFF, 0xFF, 0xFF,
        0xFF, 0xFF, 0xFF, 0xFF, 0xFF, 0xFF, 0xFF, 0xFF, 0xFF, 0xFF, 0xFF, 0xFF, 0xFF, 0xFF, 0xFF, 0xFF,
        0xFF, 0xFF, 0xFF, 0xFF, 0xFF, 0xFF, 0xFF, 0xFF, 0xFF, 0xFF, 0xFF, 0xFF, 0xFF, 0xFF, 0xFF, 0xFF,
        0xFF, 0xFF, 0xFF, 0xFF, 0xFF, 0xFF, 0xFF, 0xFF, 0xFF, 0xFF, 0xFF, 0xFF, 0xFF, 0xFF, 0xFF, 0xFF,
        0xFF, 0xFF, 0xFF, 0xFF, 0xFF, 0xFF, 0xFF, 0xFF, 0xFF, 0xFF, 0xFF, 0xFF, 0xFF, 0xFF, 0xFF, 0xFF,
        0xFF, 0xFF, 0xFF, 0xFF, 0xFF, 0xFF, 0xFF, 0xFF, 0xFF, 0xFF, 0xFF, 0xFF, 0xFF, 0xFF, 0xFF, 0xFF,
        0xFF, 0xFF, 0xFF, 0xFF, 0xFF, 0xFF, 0xFF, 0xFF, 0xFF, 0xFF, 0xFF, 0xFF, 0xFF, 0xFF, 0xFF, 0xFF,
        0xFF, 0xFF, 0xFF, 0xFF, 0xFF, 0xFF, 0xFF, 0xFF, 0xFF, 0xFF, 0xFF, 0xFF, 0xFF, 0xFF, 0xFF, 0xFF,
        0xFF, 0xFF, 0xFF, 0xFF, 0xFF, 0xFF, 0xFF, 0xFF, 0xFF, 0xFF, 0xFF, 0xFF, 0xFF, 0xFF, 0xFF, 0xFF,
        0xFF, 0xFF, 0xFF, 0xFF, 0xFF, 0xFF, 0xFF, 0xFF, 0xFF, 0xFF, 0xFF, 0xFF, 0xFF, 0xFF, 0xFF, 0xFF,
        0xFF, 0xFF, 0xFF, 0xFF, 0xFF, 0xFF, 0xFF, 0xFF, 0xFF, 0xFF, 0xFF, 0xFF, 0xFF, 0xFF, 0xFF, 0xFF,
        0xFF, 0xFF, 0xFF, 0xFF, 0xFF, 0xFF, 0xFF, 0xFF, 0xFF, 0xFF, 0xFF, 0xFF, 0xFF, 0xFF, 0xFF, 0xFF,
        0xFF, 0xFF, 0xFF, 0xFF, 0xFF, 0xFF, 0xFF, 0xFF, 0xFF, 0xFF, 0xFF, 0xFF, 0xFF, 0xFF, 0xFF, 0xFF,
        0xFF, 0xFF, 0xFF, 0xFF, 0xFF, 0xFF, 0xFF, 0xFF, 0xFF, 0xFF, 0xFF, 0xFF, 0xFF, 0xFF, 0xFF, 0xFF,
        0xFF, 0xFF, 0xFF, 0xFF, 0xFF, 0xFF, 0xFF, 0xFF, 0xFF, 0xFF, 0xFF, 0xFF, 0xFF, 0xFF, 0xFF, 0xFF,
        0xFF, 0xFF, 0xFF, 0xFF, 0xFF, 0xFF, 0xFF, 0xFF, 0xFF, 0xFF, 0xFF, 0xFF, 0xFF, 0xFF, 0xFF, 0xFF,
        0xFF, 0xFF, 0xFF, 0xFF, 0xFF, 0xFF, 0xFF, 0xFF, 0xFF, 0xFF, 0xFF, 0xFF, 0xFF, 0xFF, 0xFF, 0xFF,
        0xFF, 0xFF, 0xFF, 0xFF, 0xFF, 0xFF, 0xFF, 0xFF, 0xFF, 0xFF, 0xFF, 0xFF, 0xFF, 0xFF, 0xFF, 0xFF,
        0xFF, 0xFF, 0xFF, 0xFF, 0xFF, 0xFF, 0xFF, 0xFF, 0xFF, 0xFF, 0xFF, 0xFF, 0xFF, 0xFF, 0xFF, 0xFF,
        0xFF, 0xFF, 0xFF, 0xFF, 0xFF, 0xFF, 0xFF, 0xFF, 0xFF, 0xFF, 0xFF, 0xFF, 0xFF, 0xFF, 0xFF, 0xFF,
        0xFF, 0xFF, 0xFF, 0xFF, 0xFF, 0xFF, 0xFF, 0xFF, 0xFF, 0xFF, 0xFF, 0xFF, 0xFF, 0xFF, 0xFF, 0xFF,
        0xFF, 0xFF, 0xFF, 0xFF, 0xFF, 0xFF, 0xFF, 0xFF, 0xFF, 0xFF, 0xFF, 0xFF, 0xFF, 0xFF, 0xFF, 0xFF,
        0xFF, 0xFF, 0xFF, 0xFF, 0xFF, 0xFF, 0xFF, 0xFF, 0xFF, 0xFF, 0xFF, 0xFF, 0xFF, 0xFF, 0xFF, 0xFF,
        0xFF, 0xFF, 0xFF, 0xFF, 0xFF, 0xFF, 0xFF, 0xFF, 0xFF, 0xFF, 0xFF, 0xFF, 0xFF, 0xFF, 0xFF, 0xFF,
        0xFF, 0xFF, 0xFF, 0xFF, 0xFF, 0xFF, 0xFF, 0xFF, 0xFF, 0xFF, 0xFF, 0xFF, 0xFF, 0xFF, 0xFF, 0xFF,
        0xFF, 0xFF, 0xFF, 0xFF, 0xFF, 0xFF, 0xFF, 0xFF, 0xFF, 0xFF, 0xFF, 0xFF, 0xFF, 0xFF, 0xFF, 0xFF,
        0xFF, 0xFF, 0xFF, 0xFF, 0xFF, 0xFF, 0xFF, 0xFF, 0xFF, 0xFF, 0xFF, 0xFF, 0xFF, 0xFF, 0xFF, 0xFF,
        0xFF, 0xFF, 0xFF, 0xFF, 0xFF, 0xFF, 0xFF, 0xFF, 0xFF, 0xFF, 0xFF, 0xFF, 0xFF, 0xFF, 0xFF, 0xFF,
        0xFF, 0xFF, 0xFF, 0xFF, 0xFF, 0xFF, 0xFF, 0xFF, 0xFF, 0xFF, 0xFF, 0xFF, 0xFF, 0xFF, 0xFF, 0xFF,
        0xFF, 0xFF, 0xFF, 0xFF, 0xFF, 0xFF, 0xFF, 0xFF, 0xFF, 0xFF, 0xFF, 0xFF, 0xFF, 0xFF, 0xFF, 0xFF,
        0xFF, 0xFF, 0xFF, 0xFF, 0xFF, 0xFF, 0xFF, 0xFF, 0xFF, 0xFF, 0xFF, 0xFF, 0xFF, 0xFF, 0xFF, 0xFF,
        0xF9, 0xFF, 0xFF, 0xFF, 0xFF, 0xFF, 0xFF, 0xFF, 0xFF, 0xFF, 0xFF, 0xFF, 0xFF, 0xFF, 0xFF, 0xFF,
        0xFF, 0xFF, 0xFF, 0xFF, 0xFF, 0xFF, 0xFF, 0xFF, 0xFF, 0xFF, 0xFF, 0xFF, 0xFF, 0xFF, 0xFF, 0xFF,
        0xFF, 0xFF, 0xFF, 0xFF, 0xFF, 0xFF, 0xFF, 0xFF, 0xFF, 0xFF, 0xFF, 0xFF, 0xFF, 0xFF, 0xFF, 0xFB,
        0xC9, 0xFE, 0xFC, 0xFF, 0xFF, 0xFF, 0xFF, 0xFF, 0xFF, 0xFF, 0xFF, 0xFF, 0xFF, 0xFF, 0xFF, 0xFF,
        0xFF, 0xFF, 0xFF, 0xFF, 0xFF, 0xFF, 0xFF, 0xFF, 0xFF, 0xFF, 0xFF, 0xFF, 0xFF, 0xFF, 0xFF, 0xFF,
        0xFF, 0xFF, 0xFF, 0xFF, 0xFF, 0xFF, 0xFF, 0xFF, 0xFF, 0xFF, 0xFF, 0xFF, 0xFF, 0xFC, 0xFE, 0xCD,
        0x49, 0xFF, 0xFE, 0xFB, 0xFD, 0xFD, 0xFD, 0xFD, 0xFD, 0xFD, 0xFD, 0xFD, 0xFD, 0xFD, 0xFD, 0xFD,
        0xFD, 0xFD, 0xFD, 0xFD, 0xFD, 0xFD, 0xFD, 0xFD, 0xFD, 0xFD, 0xFD, 0xFD, 0xFD, 0xFD, 0xFD, 0xFD,
        0xFD, 0xFD, 0xFD, 0xFD, 0xFD, 0xFD, 0xFD, 0xFD, 0xFD, 0xFD, 0xFD, 0xFD, 0xFB, 0xFD, 0xFF, 0x4D,
        0x00, 0x71, 0xFF, 0xFF, 0xFF, 0xFF, 0xFF, 0xFF, 0xFF, 0xFF, 0xFF, 0xFF, 0xFF, 0xFF, 0xFF, 0xFF,
        0xFF, 0xFF, 0xFF, 0xFF, 0xFF, 0xFF, 0xFF, 0xFF, 0xFF, 0xFF, 0xFF, 0xFF, 0xFF, 0xFF, 0xFF, 0xFF,
        0xFF, 0xFF, 0xFF, 0xFF, 0xFF, 0xFF, 0xFF, 0xFF, 0xFF, 0xFF, 0xFF, 0xFF, 0xFF, 0xFF, 0x76, 0x00,
        0x02, 0x00, 0x3B, 0x9F, 0xCB, 0xD3, 0xD4, 0xD4, 0xD4, 0xD4, 0xD4, 0xD4, 0xD4, 0xD4, 0xD4, 0xD4,
        0xD4, 0xD4, 0xD4, 0xD4, 0xD4, 0xD4, 0xD4, 0xD4, 0xD4, 0xD4, 0xD4, 0xD4, 0xD4, 0xD4, 0xD4, 0xD4,
        0xD4, 0xD4, 0xD4, 0xD4, 0xD4, 0xD4, 0xD4, 0xD4, 0xD4, 0xD4, 0xD3, 0xCE, 0xA3, 0x3F, 0x00, 0x02,
        0x00, 0x03, 0x00, 0x00, 0x00, 0x00, 0x00, 0x01, 0x01, 0x01, 0x01, 0x01, 0x01, 0x01, 0x01, 0x01,
        0x01, 0x01, 0x01, 0x01, 0x01, 0x01, 0x01, 0x01, 0x01, 0x01, 0x01, 0x01, 0x01, 0x01, 0x01, 0x01,
        0x01, 0x01, 0x01, 0x01, 0x01, 0x01, 0x01, 0x01, 0x01, 0x00, 0x00, 0x00, 0x00, 0x00, 0x02, 0x00,
    },
    // tetris
    {
        0xDA, 0xFF, 0xFE, 0xFF, 0xFF, 0xFF, 0xFF, 0xFF, 0xFF, 0xFF, 0xFF, 0xFF, 0xFF, 0xFF, 0xFF, 0xFF,
        0xFF, 0xFF, 0xFF, 0xFF, 0xFF, 0xFF, 0xFC, 0xFE, 0x7E, 0x00, 0x04, 0x00, 0x00, 0x00, 0x00, 0x00,
        0x00, 0x00, 0x00, 0x00, 0x00, 0x00, 0x00, 0x00, 0x00, 0x00, 0x00, 0x00, 0x00, 0x00, 0x00, 0x00,
        0xFF, 0xFF, 0xFF, 0xFF, 0xFF, 0xFF, 0xFF, 0xFF, 0xFF, 0xFF, 0xFF, 0xFF, 0xFF, 0xFF, 0xFF, 0xFF,
        0xFF, 0xFF, 0xFF, 0xFF, 0xFF, 0xFF, 0xFB, 0xFF, 0xAC, 0x00, 0x04, 0x00, 0x00, 0x00, 0x00, 0x00,
        0x00, 0x00, 0x00, 0x00, 0x00, 0x00, 0x00, 0x00, 0x00, 0x00, 0x00, 0x00, 0x00, 0x00, 0x00, 0x00,
        0xFE, 0xFF, 0xFF, 0xFF, 0xFF, 0xFF, 0xFF, 0xFF, 0xFF, 0xFF, 0xFF, 0xFF, 0xFF, 0xFF, 0xFF, 0xFF,
        0xFF, 0xFF, 0xFF, 0xFF, 0xFF, 0xFF, 0xFB, 0xFF, 0xA6, 0x00, 0x04, 0x00, 0x00, 0x00, 0x00, 0x00,
        0x00, 0x00, 0x00, 0x00, 0x00, 0x00, 0x00, 0x00, 0x00, 0x00, 0x00, 0x00, 0x00, 0x00, 0x00, 0x00,
        0xFF, 0xFF, 0xFF, 0xFF, 0xFF, 0xFF, 0xFF, 0xFF, 0xFF, 0xFF, 0xFF, 0xFF, 0xFF, 0xFF, 0xFF, 0xFF,
        0xFF, 0xFF, 0xFF, 0xFF, 0xFF, 0xFF, 0xFB, 0xFF, 0xA7, 0x00, 0x04, 0x00, 0x00, 0x00, 0x00, 0x00,
        0x00, 0x00, 0x00, 0x00, 0x00, 0x00, 0x00, 0x00, 0x00, 0x00, 0x00, 0x00, 0x00, 0x00, 0x00, 0x00,
        0xFF, 0xFF, 0xFF, 0xFF, 0xFF, 0xFF, 0xFF, 0xFF, 0xFF, 0xFF, 0xFF, 0xFF, 0xFF, 0xFF, 0xFF, 0xFF,
        0xFF, 0xFF, 0xFF, 0xFF, 0xFF, 0xFF, 0xFB, 0xFF, 0xA7, 0x00, 0x04, 0x00, 0x00, 0x00, 0x00, 0x00,
        0x00, 0x00, 0x00, 0x00, 0x00, 0x00, 0x00, 0x00, 0x00, 0x00, 0x00, 0x00, 0x00, 0x00, 0x00, 0x00,
        0xFF, 0xFF, 0xFF, 0xFF, 0xFF, 0xFF, 0xFF, 0xFF, 0xFF, 0xFF, 0xFF, 0xFF, 0xFF, 0xFF, 0xFF, 0xFF,
        0xFF, 0xFF, 0xFF, 0xFF, 0xFF, 0xFF, 0xFB, 0xFF, 0xA7, 0x00, 0x04, 0x00, 0x00, 0x00, 0x00, 0x00,
        0x00, 0x00, 0x00, 0x00, 0x00, 0x00, 0x00, 0x00, 0x00, 0x00, 0x00, 0x00, 0x00, 0x00, 0x00, 0x00,
        0xFF, 0xFF, 0xFF, 0xFF, 0xFF, 0xFF, 0xFF, 0xFF, 0xFF, 0xFF, 0xFF, 0xFF, 0xFF, 0xFF, 0xFF, 0xFF,
        0xFF, 0xFF, 0xFF, 0xFF, 0xFF, 0xFF, 0xFB, 0xFF, 0xA7, 0x00, 0x04, 0x00, 0x00, 0x00, 0x00, 0x00,
        0x00, 0x00, 0x00, 0x00, 0x00, 0x00, 0x00, 0x00, 0x00, 0x00, 0x00, 0x00, 0x00, 0x00, 0x00, 0x00,
        0xFF, 0xFF, 0xFF, 0xFF, 0xFF, 0xFF, 0xFF, 0xFF, 0xFF, 0xFF, 0xFF, 0xFF, 0xFF, 0xFF, 0xFF, 0xFF,
        0xFF, 0xFF, 0xFF, 0xFF, 0xFF, 0xFF, 0xFB, 0xFF, 0xA7, 0x00, 0x04, 0x00, 0x00, 0x00, 0x00, 0x00,
        0x00, 0x00, 0x00, 0x00, 0x00, 0x00, 0x00, 0x00, 0x00, 0x00, 0x00, 0x00, 0x00, 0x00, 0x00, 0x00,
        0xFF, 0xFF, 0xFF, 0xFF, 0xFF, 0xFF, 0xFF, 0xFF, 0xFF, 0xFF, 0xFF, 0xFF, 0xFF, 0xFF, 0xFF, 0xFF,
        0xFF, 0xFF, 0xFF, 0xFF, 0xFF, 0xFF, 0xFB, 0xFF, 0xA7, 0x00, 0x04, 0x00, 0x00, 0x00, 0x00, 0x00,
        0x00, 0x00, 0x00, 0x00, 0x00, 0x00, 0x00, 0x00, 0x00, 0x00, 0x00, 0x00, 0x00, 0x00, 0x00, 0x00,
        0xFF, 0xFF, 0xFF, 0xFF, 0xFF, 0xFF, 0xFF, 0xFF, 0xFF, 0xFF, 0xFF, 0xFF, 0xFF, 0xFF, 0xFF, 0xFF,
        0xFF, 0xFF, 0xFF, 0xFF, 0xFF, 0xFF, 0xFB, 0xFF, 0xA7, 0x00, 0x04, 0x00, 0x00, 0x00, 0x00, 0x00,
        0x00, 0x00, 0x01, 0x04, 0x04, 0x04, 0x04, 0x04, 0x04, 0x04, 0x04, 0x04, 0x04, 0x04, 0x04, 0x03,
        0xFF, 0xFF, 0xFF, 0xFF, 0xFF, 0xFF, 0xFF, 0xFF, 0xFF, 0xFF, 0xFF, 0xFF, 0xFF, 0xFF, 0xFF, 0xFF,
        0xFF, 0xFF, 0xFF, 0xFF, 0xFF, 0xFF, 0xFB, 0xFF, 0xA6, 0x00, 0x04, 0x00, 0x00, 0x00, 0x00, 0x00,
        0x00, 0x00, 0x00, 0x00, 0x00, 0x00, 0x00, 0x00, 0x00, 0x00, 0x00, 0x00, 0x00, 0x00, 0x00, 0x00,
        0xFF, 0xFF, 0xFF, 0xFF, 0xFF, 0xFF, 0xFF, 0xFF, 0xFF, 0xFF, 0xFF, 0xFF, 0xFF, 0xFC, 0xFB, 0xFB,
        0xFB, 0xFB, 0xFB, 0xFB, 0xFB, 0xFB, 0xF7, 0xFB, 0xA8, 0x00, 0x04, 0x00, 0x00, 0x00, 0x00, 0x00,
        0x01, 0x00, 0x10, 0x6E, 0x77, 0x77, 0x78, 0x78, 0x78, 0x78, 0x78, 0x78, 0x78, 0x77, 0x78, 0x52,
        0xFF, 0xFF, 0xFF, 0xFF, 0xFF, 0xFF, 0xFF, 0xFF, 0xFF, 0xFF, 0xFF, 0xFF, 0xFF, 0xFF, 0xFF, 0xFF,
        0xFF, 0xFF, 0xFF, 0xFF, 0xFF, 0xFF, 0xFF, 0xFF, 0xA2, 0x00, 0x04, 0x00, 0x00, 0x00, 0x00, 0x00,
        0x04, 0x00, 0x63, 0xFF, 0xFF, 0xFF, 0xFF, 0xFF, 0xFF, 0xFF, 0xFF, 0xFF, 0xFF, 0xFF, 0xFF, 0xFF,
        0xFF, 0xFF, 0xFF, 0xFF, 0xFF, 0xFF, 0xFF, 0xFF, 0xFF, 0xFF, 0xFE, 0xFF, 0xFE, 0x7F, 0x68, 0x69,
        0x68, 0x68, 0x68, 0x68, 0x68, 0x68, 0x67, 0x66, 0x1E, 0x00, 0x01, 0x00, 0x00, 0x00, 0x00, 0x00,
        0x04, 0x00, 0x69, 0xFB, 0xF7, 0xFB, 0xFB, 0xFB, 0xFB, 0xFB, 0xFB, 0xFB, 0xFB, 0xFB, 0xFB, 0xFD,
        0xFF, 0xFF, 0xFF, 0xFF, 0xFF, 0xFF, 0xFF, 0xFF, 0xFF, 0xFF, 0xFE, 0xFF, 0xFE, 0x18, 0x00, 0x00,
        0x00, 0x00, 0x00, 0x00, 0x00, 0x00, 0x00, 0x00, 0x00, 0x00, 0x00, 0x00, 0x00, 0x00, 0x00, 0x00,
        0x04, 0x00, 0x68, 0xFF, 0xFB, 0xFF, 0xFF, 0xFF, 0xFF, 0xFF, 0xFF, 0xFF, 0xFF, 0xFF, 0xFF, 0xFF,
        0xFF, 0xFF, 0xFF, 0xFF, 0xFF, 0xFF, 0xFF, 0xFF, 0xFF, 0xFF, 0xFE, 0xFF, 0xFE, 0x2A, 0x04, 0x06,
        0x04, 0x04, 0x04, 0x04, 0x04, 0x04, 0x04, 0x04, 0x01, 0x00, 0x00, 0x00, 0x00, 0x00, 0x00, 0x00,
        0x04, 0x00, 0x68, 0xFF, 0xFB, 0xFF, 0xFF, 0xFF, 0xFF, 0xFF, 0xFF, 0xFF, 0xFF, 0xFF, 0xFF, 0xFF,
        0xFF, 0xFF, 0xFF, 0xFF, 0xFF, 0xFF, 0xFF, 0xFF, 0xFF, 0xFF, 0xFE, 0xFF, 0xFE, 0x27, 0x00, 0x02,
        0x00, 0x00, 0x00, 0x00, 0x00, 0x00, 0x00, 0x00, 0x00, 0x00, 0x00, 0x00, 0x00, 0x00, 0x00, 0x00,
        0x04, 0x00, 0x68, 0xFF, 0xFB, 0xFF, 0xFF, 0xFF, 0xFF, 0xFF, 0xFF, 0xFF, 0xFF, 0xFF, 0xFF, 0xFF,
        0xFF, 0xFF, 0xFF, 0xFF, 0xFF, 0xFF, 0xFF, 0xFF, 0xFF, 0xFF, 0xFE, 0xFF, 0xFE, 0x27, 0x00, 0x02,
        0x00, 0x00, 0x00, 0x00, 0x00, 0x00, 0x00, 0x00, 0x00, 0x00, 0x00, 0x00, 0x00, 0x00, 0x00, 0x00,
        0x04, 0x00, 0x68, 0xFF, 0xFB, 0xFF, 0xFF, 0xFF, 0xFF, 0xFF, 0xFF, 0xFF, 0xFF, 0xFF, 0xFF, 0xFF,
        0xFF, 0xFF, 0xFF, 0xFF, 0xFF, 0xFF, 0xFF, 0xFF, 0xFF, 0xFF, 0xFE, 0xFF, 0xFE, 0x27, 0x00, 0x02,
        0x00, 0x00, 0x00, 0x00, 0x00, 0x00, 0x00, 0x00, 0x00, 0x00, 0x00, 0x00, 0x00, 0x00, 0x00, 0x00,
        0x04, 0x00, 0x68, 0xFF, 0xFB, 0xFF, 0xFF, 0xFF, 0xFF, 0xFF, 0xFF, 0xFF, 0xFF, 0xFF, 0xFF, 0xFF,
        0xFF, 0xFF, 0xFF, 0xFF, 0xFF, 0xFF, 0xFF, 0xFF, 0xFF, 0xFF, 0xFE, 0xFF, 0xFE, 0x27, 0x00, 0x02,
        0x00, 0x00, 0x00, 0x00, 0x00, 0x00, 0x00, 0x00, 0x00, 0x00, 0x00, 0x00, 0x00, 0x00, 0x00, 0x00,
        0x04, 0x00, 0x68, 0xFF, 0xFB, 0xFF, 0xFF, 0xFF, 0xFF, 0xFF, 0xFF, 0xFF, 0xFF, 0xFF, 0xFF, 0xFF,
        0xFF, 0xFF, 0xFF, 0xFF, 0xFF, 0xFF, 0xFF, 0xFF, 0xFF, 0xFF, 0xFE, 0xFF, 0xFE, 0x27, 0x00, 0x02,
        0x00, 0x00, 0x00, 0x00, 0x00, 0x00, 0x00, 0x01, 0x01, 0x01, 0x01, 0x01, 0x01, 0x01, 0x01, 0x01,
        0x05, 0x01, 0x68, 0xFF, 0xFB, 0xFF, 0xFF, 0xFF, 0xFF, 0xFF, 0xFF, 0xFF, 0xFF, 0xFF, 0xFF, 0xFF,
        0xFF, 0xFF, 0xFF, 0xFF, 0xFF, 0xFF, 0xFF, 0xFF, 0xFF, 0xFF, 0xFE, 0xFF, 0xFE, 0x27, 0x00, 0x02,
        0x00, 0x00, 0x00, 0x00, 0x00, 0x00, 0x01, 0x00, 0x00, 0x00, 0x00, 0x00, 0x00, 0x00, 0x00, 0x00,
        0x02, 0x00, 0x67, 0xFF, 0xFB, 0xFF, 0xFF, 0xFF, 0xFF, 0xFF, 0xFF, 0xFF, 0xFF, 0xFF, 0xFF, 0xFF,
        0xFD, 0xFD, 0xFD, 0xFD, 0xFD, 0xFD, 0xFD, 0xFD, 0xFD, 0xFD, 0xFC, 0xFD, 0xFC, 0x27, 0x00, 0x02,
        0x00, 0x00, 0x00, 0x00, 0x00, 0x00, 0x00, 0x00, 0x08, 0x08, 0x08, 0x08, 0x08, 0x08, 0x08, 0x08,
        0x0C, 0x08, 0x6D, 0xFF, 0xFB, 0xFF, 0xFF, 0xFF, 0xFF, 0xFF, 0xFF, 0xFF, 0xFF, 0xFF, 0xFF, 0xFF,
        0xFF, 0xFF, 0xFF, 0xFF, 0xFF, 0xFF, 0xFF, 0xFF, 0xFF, 0xFF, 0xFF, 0xFF, 0xFF, 0x29, 0x00, 0x02,
        0x00, 0x00, 0x00, 0x00, 0x02, 0x00, 0x1C, 0xD0, 0xE3, 0xE2, 0xE3, 0xE3, 0xE3, 0xE3, 0xE3, 0xE3,
        0xE4, 0xE3, 0xEF, 0xFF, 0xFF, 0xFF, 0xFF, 0xFF, 0xFF, 0xFF, 0xFF, 0xFF, 0xFF, 0xFF, 0xFF, 0xFF,
        0xBE, 0xE3, 0xE2, 0xE3, 0xE3, 0xE3, 0xE3, 0xE3, 0xE3, 0xE3, 0xE2, 0xE3, 0xC6, 0x10, 0x01, 0x01,
        0x00, 0x00, 0x00, 0x00, 0x03, 0x00, 0x3E, 0xFF, 0xFF, 0xFF, 0xFF, 0xFF, 0xFF, 0xFF, 0xFF, 0xFF,
        0xFF, 0xFF, 0xFF, 0xFF, 0xFF, 0xFF, 0xFF, 0xFF, 0xFF, 0xFF, 0xFF, 0xFF, 0xFF, 0xFF, 0xFF, 0xFF,
        0x00, 0x08, 0x08, 0x08, 0x08, 0x08, 0x08, 0x08, 0x08, 0x08, 0x08, 0x08, 0x00, 0x00, 0x00, 0x00,
        0x00, 0x00, 0x00, 0x00, 0x03, 0x00, 0x3A, 0xFD, 0xFB, 0xFD, 0xFD, 0xFD, 0xFD, 0xFD, 0xFD, 0xFD,
        0xFD, 0xFD, 0xFE, 0xFF, 0xFF, 0xFF, 0xFF, 0xFF, 0xFF, 0xFF, 0xFF, 0xFF, 0xFF, 0xFF, 0xFF, 0xFF,
        0x01, 0x00, 0x00, 0x00, 0x00, 0x00, 0x00, 0x00, 0x00, 0x00, 0x00, 0x00, 0x00, 0x01, 0x00, 0x00,
        0x00, 0x00, 0x00, 0x00, 0x03, 0x00, 0x3B, 0xFF, 0xFD, 0xFF, 0xFF, 0xFF, 0xFF, 0xFF, 0xFF, 0xFF,
        0xFF, 0xFF, 0xFF, 0xFF, 0xFF, 0xFF, 0xFF, 0xFF, 0xFF, 0xFF, 0xFF, 0xFF, 0xFF, 0xFF, 0xFF, 0xFF,
        0x00, 0x01, 0x01, 0x01, 0x01, 0x01, 0x01, 0x01, 0x01, 0x01, 0x01, 0x01, 0x00, 0x00, 0x00, 0x00,
        0x00, 0x00, 0x00, 0x00, 0x03, 0x00, 0x3B, 0xFF, 0xFD, 0xFF, 0xFF, 0xFF, 0xFF, 0xFF, 0xFF, 0xFF,
        0xFF, 0xFF, 0xFF, 0xFF, 0xFF, 0xFF, 0xFF, 0xFF, 0xFF, 0xFF, 0xFF, 0xFF, 0xFF, 0xFF, 0xFF, 0xFF,
        0x00, 0x00, 0x00, 0x00, 0x00, 0x00, 0x00, 0x00, 0x00, 0x00, 0x00, 0x00, 0x00, 0x00, 0x00, 0x00,
        0x00, 0x00, 0x00, 0x00, 0x03, 0x00, 0x3B, 0xFF, 0xFD, 0xFF, 0xFF, 0xFF, 0xFF, 0xFF, 0xFF, 0xFF,
        0xFF, 0xFF, 0xFF, 0xFF, 0xFF, 0xFF, 0xFF, 0xFF, 0xFF, 0xFF, 0xFF, 0xFF, 0xFF, 0xFF, 0xFF, 0xFF,
        0x00, 0x00, 0x00, 0x00, 0x00, 0x00, 0x00, 0x00, 0x00, 0x00, 0x00, 0x00, 0x00, 0x00, 0x00, 0x00,
        0x00, 0x00, 0x00, 0x00, 0x03, 0x00, 0x3B, 0xFF, 0xFD, 0xFF, 0xFF, 0xFF, 0xFF, 0xFF, 0xFF, 0xFF,
        0xFF, 0xFF, 0xFF, 0xFF, 0xFF, 0xFF, 0xFF, 0xFF, 0xFF, 0xFF, 0xFF, 0xFF, 0xFF, 0xFF, 0xFF, 0xFF,
        0x00, 0x00, 0x00, 0x00, 0x00, 0x00, 0x00, 0x00, 0x00, 0x00, 0x00, 0x00, 0x00, 0x00, 0x00, 0x00,
        0x00, 0x00, 0x00, 0x00, 0x03, 0x00, 0x3B, 0xFF, 0xFD, 0xFF, 0xFF, 0xFF, 0xFF, 0xFF, 0xFF, 0xFF,
        0xFF, 0xFF, 0xFF, 0xFF, 0xFF, 0xFF, 0xFF, 0xFF, 0xFF, 0xFF, 0xFF, 0xFF, 0xFF, 0xFF, 0xFF, 0xFF,
        0x00, 0x00, 0x00, 0x00, 0x00, 0x00, 0x00, 0x00, 0x00, 0x00, 0x00, 0x00, 0x00, 0x00, 0x00, 0x00,
        0x00, 0x00, 0x00, 0x00, 0x03, 0x00, 0x3B, 0xFF, 0xFD, 0xFF, 0xFF, 0xFF, 0xFF, 0xFF, 0xFF, 0xFF,
        0xFF, 0xFF, 0xFF, 0xFF, 0xFF, 0xFF, 0xFF, 0xFF, 0xFF, 0xFF, 0xFF, 0xFF, 0xFF, 0xFF, 0xFF, 0xFF,
        0x03, 0x04, 0x04, 0x04, 0x04, 0x04, 0x04, 0x04, 0x04, 0x04, 0x04, 0x04, 0x04, 0x04, 0x04, 0x04,
        0x04, 0x04, 0x04, 0x04, 0x07, 0x04, 0x3E, 0xFF, 0xFD, 0xFF, 0xFF, 0xFF, 0xFF, 0xFF, 0xFF, 0xFF,
        0xFF, 0xFF, 0xFF, 0xFF, 0xFF, 0xFF, 0xFF, 0xFF, 0xFF, 0xFF, 0xFF, 0xFF, 0xFF, 0xFF, 0xFF, 0xFF,
        0x00, 0x00, 0x00, 0x00, 0x00, 0x00, 0x00, 0x00, 0x00, 0x00, 0x00, 0x00, 0x00, 0x00, 0x00, 0x00,
        0x00, 0x00, 0x00, 0x00, 0x00, 0x00, 0x2D, 0xFF, 0xFD, 0xFF, 0xFF, 0xFF, 0xFF, 0xFF, 0xFF, 0xFF,
        0xFF, 0xFF, 0xFF, 0xFF, 0xFF, 0xFF, 0xFF, 0xFF, 0xFF, 0xFF, 0xFF, 0xFF, 0xFF, 0xFF, 0xFF, 0xFF,
        0x44, 0x68, 0x67, 0x68, 0x68, 0x68, 0x68, 0x68, 0x68, 0x68, 0x68, 0x68, 0x68, 0x68, 0x68, 0x68,
        0x68, 0x68, 0x68, 0x68, 0x69, 0x68, 0x8B, 0xFF, 0xFE, 0xFF, 0xFF, 0xFF, 0xFF, 0xFF, 0xFF, 0xFF,
        0xFF, 0xFF, 0xFF, 0xFF, 0xFF, 0xFF, 0xFF, 0xFF, 0xFF, 0xFF, 0xFF, 0xFF, 0xFF, 0xFF, 0xFF, 0xFF,
        0xFF, 0xFF, 0xFF, 0xFF, 0xFF, 0xFF, 0xFF, 0xFF, 0xFF, 0xFF, 0xFF, 0xFF, 0xFF, 0xFF, 0xFF, 0xFF,
        0xFF, 0xFF, 0xFF, 0xFF, 0xFF, 0xFF, 0xFF, 0xFF, 0xFF, 0xFF, 0xFF, 0xFF, 0xFF, 0xFF, 0xFF, 0xFF,
        0xFF, 0xFF, 0xFF, 0xFF, 0xFF, 0xFF, 0xFF, 0xFF, 0xFF, 0xFF, 0xFF, 0xFF, 0xFF, 0xFF, 0xFF, 0xFF,
        0xFE, 0xFB, 0xFB, 0xFB, 0xFB, 0xFB, 0xFB, 0xFB, 0xFB, 0xFB, 0xFB, 0xFB, 0xFB, 0xFB, 0xFB, 0xFB,
        0xFB, 0xFB, 0xFB, 0xFB, 0xFB, 0xFB, 0xFC, 0xFF, 0xFF, 0xFF, 0xFF, 0xFF, 0xFF, 0xFF, 0xFF, 0xFF,
        0xFF, 0xFF, 0xFF, 0xFF, 0xFF, 0xFF, 0xFF, 0xFF, 0xFF, 0xFF, 0xFF, 0xFF, 0xFF, 0xFF, 0xFF, 0xFF,
        0xFF, 0xFF, 0xFF, 0xFF, 0xFF, 0xFF, 0xFF, 0xFF, 0xFF, 0xFF, 0xFF, 0xFF, 0xFF, 0xFF, 0xFF, 0xFF,
        0xFF, 0xFF, 0xFF, 0xFF, 0xFF, 0xFF, 0xFF, 0xFF, 0xFF, 0xFF, 0xFF, 0xFF, 0xFF, 0xFF, 0xFF, 0xFF,
        0xFF, 0xFF, 0xFF, 0xFF, 0xFF, 0xFF, 0xFF, 0xFF, 0xFF, 0xFF, 0xFF, 0xFF, 0xFF, 0xFF, 0xFF, 0xFF,
        0xFF, 0xFF, 0xFF, 0xFF, 0xFF, 0xFF, 0xFF, 0xFF, 0xFF, 0xFF, 0xFF, 0xFF, 0xFF, 0xFF, 0xFF, 0xFF,
        0xFF, 0xFF, 0xFF, 0xFF, 0xFF, 0xFF, 0xFF, 0xFF, 0xFF, 0xFF, 0xFF, 0xFF, 0xFF, 0xFF, 0xFF, 0xFF,
        0xFF, 0xFF, 0xFF, 0xFF, 0xFF, 0xFF, 0xFF, 0xFF, 0xFF, 0xFF, 0xFF, 0xFF, 0xFF, 0xFF, 0xFF, 0xFF,
        0xFF, 0xFF, 0xFF, 0xFF, 0xFF, 0xFF, 0xFF, 0xFF, 0xFF, 0xFF, 0xFF, 0xFF, 0xFF, 0xFF, 0xFF, 0xFF,
        0xFF, 0xFF, 0xFF, 0xFF, 0xFF, 0xFF, 0xFF, 0xFF, 0xFF, 0xFF, 0xFF, 0xFF, 0xFF, 0xFF, 0xFF, 0xFF,
        0xFF, 0xFF, 0xFF, 0xFF, 0xFF, 0xFF, 0xFF, 0xFF, 0xFF, 0xFF, 0xFF, 0xFF, 0xFF, 0xFF, 0xFF, 0xFF,
        0xFF, 0xFF, 0xFF, 0xFF, 0xFF, 0xFF, 0xFF, 0xFF, 0xFF, 0xFF, 0xFF, 0xFF, 0xFF, 0xFF, 0xFF, 0xFF,
        0xFF, 0xFF, 0xFF, 0xFF, 0xFF, 0xFF, 0xFF, 0xFF, 0xFF, 0xFF, 0xFF, 0xFF, 0xFF, 0xFF, 0xFF, 0xFF,
        0xFF, 0xFF, 0xFF, 0xFF, 0xFF, 0xFF, 0xFF, 0xFF, 0xFF, 0xFF, 0xFF, 0xFF, 0xFF, 0xFF, 0xFF, 0xFF,
        0xFF, 0xFF, 0xFF, 0xFF, 0xFF, 0xFF, 0xFF, 0xFF, 0xFF, 0xFF, 0xFF, 0xFF, 0xFF, 0xFF, 0xFF, 0xFF,
        0xFF, 0xFF, 0xFF, 0xFF, 0xFF, 0xFF, 0xFF, 0xFF, 0xFF, 0xFF, 0xFF, 0xFF, 0xFF, 0xFF, 0xFF, 0xFF,
        0xFF, 0xFF, 0xFF, 0xFF, 0xFF, 0xFF, 0xFF, 0xFF, 0xFF, 0xFF, 0xFF, 0xFF, 0xFF, 0xFF, 0xFF, 0xFF,
        0xFF, 0xFF, 0xFF, 0xFF, 0xFF, 0xFF, 0xFF, 0xFF, 0xFF, 0xFF, 0xFF, 0xFF, 0xFF, 0xFF, 0xFF, 0xFF,
        0xFF, 0xFF, 0xFF, 0xFF, 0xFF, 0xFF, 0xFF, 0xFF, 0xFF, 0xFF, 0xFF, 0xFF, 0xFF, 0xFF, 0xFF, 0xFF,
        0xFF, 0xFF, 0xFF, 0xFF, 0xFF, 0xFF, 0xFF, 0xFF, 0xFF, 0xFF, 0xFF, 0xFF, 0xFF, 0xFF, 0xFF, 0xFF,
        0xFF, 0xFF, 0xFF, 0xFF, 0xFF, 0xFF, 0xFF, 0xFF, 0xFF, 0xFF, 0xFF, 0xFF, 0xFF, 0xFF, 0xFF, 0xFF,
        0xFF, 0xFF, 0xFF, 0xFF, 0xFF, 0xFF, 0xFF, 0xFF, 0xFF, 0xFF, 0xFF, 0xFF, 0xFF, 0xFF, 0xFF, 0xFF,
        0xFF, 0xFF, 0xFF, 0xFF, 0xFF, 0xFF, 0xFF, 0xFF, 0xFF, 0xFF, 0xFF, 0xFF, 0xFF, 0xFF, 0xFF, 0xFF,
        0xFF, 0xFF, 0xFF, 0xFF, 0xFF, 0xFF, 0xFF, 0xFF, 0xFF, 0xFF, 0xFF, 0xFF, 0xFF, 0xFF, 0xFF, 0xFF,
        0xFF, 0xFF, 0xFF, 0xFF, 0xFF, 0xFF, 0xFF, 0xFF, 0xFF, 0xFF, 0xFF, 0xFF, 0xFF, 0xFF, 0xFF, 0xFF,
        0xFF, 0xFF, 0xFF, 0xFF, 0xFF, 0xFF, 0xFF, 0xFF, 0xFF, 0xFF, 0xFF, 0xFF, 0xFF, 0xFF, 0xFF, 0xFF,
        0xFE, 0xFF, 0xFF, 0xFF, 0xFF, 0xFF, 0xFF, 0xFF, 0xFF, 0xFF, 0xFF, 0xFF, 0xFF, 0xFF, 0xFF, 0xFF,
        0xFF, 0xFF, 0xFF, 0xFF, 0xFF, 0xFF, 0xFF, 0xFF, 0xFF, 0xFF, 0xFF, 0xFF, 0xFF, 0xFF, 0xFF, 0xFF,
        0xFF, 0xFF, 0xFF, 0xFF, 0xFF, 0xFF, 0xFF, 0xFF, 0xFF, 0xFF, 0xFF, 0xFF, 0xFF, 0xFF, 0xFF, 0xFE,
        0xFF, 0xFF, 0xFF, 0xFF, 0xFF, 0xFF, 0xFF, 0xFF, 0xFF, 0xFF, 0xFF, 0xFF, 0xFF, 0xFF, 0xFF, 0xFF,
        0xFF, 0xFF, 0xFF, 0xFF, 0xFF, 0xFF, 0xFF, 0xFF, 0xFF, 0xFF, 0xFF, 0xFF, 0xFF, 0xFF, 0xFF, 0xFF,
        0xFF, 0xFF, 0xFF, 0xFF, 0xFF, 0xFF, 0xFF, 0xFF, 0xFF, 0xFF, 0xFF, 0xFF, 0xFF, 0xFF, 0xFF, 0xFF,
        0xDA, 0xFF, 0xFE, 0xFF, 0xFF, 0xFF, 0xFF, 0xFF, 0xFF, 0xFF, 0xFF, 0xFF, 0xFF, 0xFF, 0xFF, 0xFF,
        0xFF, 0xFF, 0xFF, 0xFF, 0xFF, 0xFF, 0xFF, 0xFF, 0xFF, 0xFF, 0xFF, 0xFF, 0xFF, 0xFF, 0xFF, 0xFF,
        0xFF, 0xFF, 0xFF, 0xFF, 0xFF, 0xFF, 0xFF, 0xFF, 0xFF, 0xFF, 0xFF, 0xFF, 0xFF, 0xFE, 0xFF, 0xDA,
    },
    // snake
    {
        0x00, 0x00, 0x00, 0x00, 0x00, 0x00, 0x00, 0x00, 0x00, 0x00, 0x00, 0x00, 0x00, 0x00, 0x00, 0x00,
        0x00, 0x00, 0x00, 0x03, 0x00, 0x00, 0x00, 0x31, 0x70, 0xA6, 0xCE, 0xE7, 0xF5, 0xFC, 0xFE, 0xFA,
        0xF0, 0xDD, 0xBD, 0x8E, 0x52, 0x15, 0x00, 0x00, 0x03, 0x01, 0x00, 0x00, 0x00, 0x00, 0x00, 0x00,
        0x00, 0x00, 0x00, 0x00, 0x00, 0x00, 0x00, 0x00, 0x00, 0x00, 0x00, 0x00, 0x00, 0x00, 0x00, 0x00,
        0x00, 0x00, 0x03, 0x00, 0x07, 0x66, 0xC6, 0xFA, 0xFF, 0xFF, 0xFF, 0xFF, 0xFF, 0xFF, 0xFF, 0xFF,
        0xFF, 0xFF, 0xFF, 0xFF, 0xFF, 0xE6, 0x9D, 0x33, 0x00, 0x00, 0x01, 0x00, 0x00, 0x00, 0x00, 0x00,
        0x00, 0x00, 0x00, 0x00, 0x00, 0x00, 0x00, 0x00, 0x00, 0x00, 0x00, 0x00, 0x00, 0x00, 0x00, 0x00,
        0x00, 0x03, 0x00, 0x40, 0xD3, 0xFF, 0xFF, 0xFF, 0xFD, 0xFC, 0xFD, 0xFE, 0xFF, 0xFF, 0xFF, 0xFF,
        0xFE, 0xFE, 0xFD, 0xFC, 0xFE, 0xFF, 0xFF, 0xFE, 0x92, 0x07, 0x00, 0x01, 0x00, 0x00, 0x00, 0x00,
        0x00, 0x00, 0x00, 0x00, 0x00, 0x00, 0x00, 0x00, 0x00, 0x00, 0x00, 0x00, 0x00, 0x00, 0x00, 0x00,
        0x03, 0x00, 0x5C, 0xFD, 0xFF, 0xFB, 0xFD, 0xFF, 0xFF, 0xFF, 0xFF, 0xFF, 0xFF, 0xFF, 0xFF, 0xFF,
        0xFF, 0xFF, 0xFF, 0xFF, 0xFF, 0xFE, 0xFB, 0xFE, 0xFF, 0xC0, 0x0E, 0x02, 0x01, 0x00, 0x00, 0x00,
        0x00, 0x00, 0x00, 0x00, 0x00, 0x00, 0x00, 0x00, 0x00, 0x00, 0x00, 0x00, 0x00, 0x00, 0x00, 0x03,
        0x00, 0x3D, 0xFE, 0xFE, 0xFC, 0xFF, 0xFF, 0xFF, 0xFF, 0xFF, 0xFF, 0xFF, 0xFF, 0xFF, 0xFF, 0xFF,
        0xFF, 0xFF, 0xFF, 0xFF, 0xFF, 0xFF, 0xFF, 0xFF, 0xF9, 0xFF, 0xB3, 0x00, 0x02, 0x00, 0x00, 0x00,
        0x00, 0x00, 0x00, 0x00, 0x00, 0x00, 0x00, 0x00, 0x00, 0x00, 0x00, 0x00, 0x00, 0x00, 0x01, 0x01,
        0x07, 0xD7, 0xFF, 0xFC, 0xFF, 0xFF, 0xFF, 0xFF, 0xFF, 0xFF, 0xFF, 0xFF, 0xFF, 0xFF, 0xFF, 0xFF,
        0xFF, 0xFF, 0xFF, 0xFF, 0xFF, 0xFF, 0xFF, 0xFF, 0xFF, 0xFA, 0xFF, 0x5E, 0x00, 0x04, 0x00, 0x00,
        0x00, 0x00, 0x00, 0x00, 0x00, 0x00, 0x00, 0x00, 0x00, 0x00, 0x00, 0x00, 0x00, 0x00, 0x04, 0x00,
        0x57, 0xFF, 0xFC, 0xFF, 0xFF, 0xFF, 0xFF, 0xFF, 0xFF, 0xFF, 0xFF, 0xFF, 0xFF, 0xFF, 0xFF, 0xFF,
        0xFF, 0xFF, 0xFF, 0xFF, 0xFF, 0xFF, 0xFF, 0xFF, 0xFF, 0xFC, 0xFE, 0xD6, 0x04, 0x01, 0x00, 0x00,
        0x00, 0x00, 0x00, 0x00, 0x00, 0x00, 0x00, 0x00, 0x00, 0x00, 0x00, 0x00, 0x00, 0x00, 0x03, 0x00,
        0xAE, 0xFE, 0xFB, 0xFF, 0xFF, 0xFF, 0xFF, 0xFF, 0xFF, 0xFF, 0xFF, 0xFF, 0xFF, 0xFF, 0xFF, 0xFF,
        0xFF, 0xFF, 0xFF, 0xFF, 0xFF, 0xFF, 0xFF, 0xFF, 0xFF, 0xFF, 0xFE, 0xFF, 0x35, 0x00, 0x03, 0x00,
        0x00, 0x00, 0x00, 0x00, 0x00, 0x00, 0x00, 0x00, 0x00, 0x00, 0x00, 0x00, 0x00, 0x01, 0x00, 0x06,
        0xDF, 0xFF, 0xFD, 0xFF, 0xFF, 0xFF, 0xFF, 0xFF, 0xFF, 0xFF, 0xFF, 0xFF, 0xFF, 0xFF, 0xFF, 0xFF,
        0xFF, 0xFF, 0xFF, 0xFF, 0xFF, 0xFF, 0xFF, 0xFF, 0xFF, 0xFF, 0xFB, 0xFF, 0x6D, 0x00, 0x04, 0x00,
        0x00, 0x00, 0x00, 0x00, 0x00, 0x00, 0x00, 0x00, 0x00, 0x00, 0x00, 0x00, 0x00, 0x02, 0x00, 0x19,
        0xF5, 0xFF, 0xFE, 0xFF, 0xFF, 0xFF, 0xFF, 0xFF, 0xFF, 0xFF, 0xFF, 0xFF, 0xFF, 0xFF, 0xFF, 0xFF,
        0xFF, 0xFF, 0xFF, 0xFF, 0xFF, 0xFF, 0xFF, 0xFF, 0xFF, 0xFF, 0xFB, 0xFF, 0x90, 0x00, 0x04, 0x00,
        0x00, 0x00, 0x00, 0x00, 0x00, 0x00, 0x00, 0x00, 0x00, 0x00, 0x00, 0x00, 0x00, 0x02, 0x00, 0x26,
        0xFD, 0xFF, 0xFE, 0xFF, 0xFF, 0xFF, 0xFF, 0xFF, 0xFF, 0xFF, 0xFF, 0xFF, 0xFF, 0xFF, 0xFF, 0xFF,
        0xFF, 0xFF, 0xFF, 0xFF, 0xFF, 0xFF, 0xFF, 0xFF, 0xFF, 0xFF, 0xFB, 0xFF, 0xA0, 0x00, 0x04, 0x00,
        0x00, 0x00, 0x00, 0x00, 0x00, 0x00, 0x00, 0x00, 0x00, 0x00, 0x00, 0x00, 0x00, 0x02, 0x00, 0x24,
        0xFC, 0xFF, 0xFE, 0xFF, 0xFF, 0xFF, 0xFF, 0xFF, 0xFF, 0xFF, 0xFF, 0xFF, 0xFF, 0xFF, 0xFF, 0xFF,
        0xFF, 0xFF, 0xFF, 0xFF, 0xFF, 0xFF, 0xFF, 0xFF, 0xFF, 0xFF, 0xFB, 0xFF, 0x9E, 0x00, 0x04, 0x00,
        0x00, 0x00, 0x00, 0x00, 0x00, 0x00, 0x00, 0x00, 0x00, 0x00, 0x00, 0x00, 0x00, 0x02, 0x00, 0x16,
        0xF2, 0xFF, 0xFE, 0xFF, 0xFF, 0xFF, 0xFF, 0xFF, 0xFF, 0xFF, 0xFF, 0xFF, 0xFF, 0xFF, 0xFF, 0xFF,
        0xFF, 0xFF, 0xFF, 0xFF, 0xFF, 0xFF, 0xFF, 0xFF, 0xFF, 0xFF, 0xFB, 0xFF, 0x8B, 0x00, 0x04, 0x00,
        0x00, 0x00, 0x00, 0x00, 0x00, 0x00, 0x00, 0x00, 0x00, 0x00, 0x00, 0x00, 0x00, 0x01, 0x00, 0x03,
        0xD9, 0xFF, 0xFD, 0xFF, 0xFF, 0xFF, 0xFF, 0xFF, 0xFF, 0xFF, 0xFF, 0xFF, 0xFF, 0xFF, 0xFF, 0xFF,
        0xFF, 0xFF, 0xFF, 0xFF, 0xFF, 0xFF, 0xFF, 0xFF, 0xFF, 0xFF, 0xFB, 0xFF, 0x64, 0x00, 0x04, 0x00,
        0x00, 0x00, 0x00, 0x00, 0x00, 0x00, 0x00, 0x00, 0x00, 0x00, 0x00, 0x00, 0x00, 0x00, 0x04, 0x00,
        0xA2, 0xFE, 0xFB, 0xFF, 0xFF, 0xFF, 0xFF, 0xFF, 0xFF, 0xFF, 0xFF, 0xFF, 0xFF, 0xFF, 0xFF, 0xFF,
        0xFF, 0xFF, 0xFF, 0xFF, 0xFF, 0xFF, 0xFF, 0xFF, 0xFF, 0xFF, 0xFE, 0xFD, 0x2A, 0x00, 0x02, 0x00,
        0x00, 0x00, 0x00, 0x00, 0x00, 0x00, 0x00, 0x00, 0x00, 0x00, 0x00, 0x00, 0x00, 0x00, 0x03, 0x00,
        0x45, 0xFF, 0xFC, 0xFF, 0xFF, 0xFF, 0xFF, 0xFF, 0xFF, 0xFF, 0xFF, 0xFF, 0xFF, 0xFF, 0xFF, 0xFF,
        0xFF, 0xFF, 0xFF, 0xFF, 0xFF, 0xFF, 0xFF, 0xFF, 0xFF, 0xFC, 0xFE, 0xC5, 0x01, 0x02, 0x00, 0x00,
        0x00, 0x00, 0x00, 0x00, 0x00, 0x00, 0x00, 0x00, 0x00, 0x00, 0x00, 0x00, 0x00, 0x00, 0x00, 0x02,
        0x01, 0xC0, 0xFF, 0xFB, 0xFF, 0xFF, 0xFF, 0xFF, 0xFF, 0xFF, 0xFF, 0xFF, 0xFF, 0xFF, 0xFF, 0xFF,
        0xFF, 0xFF, 0xFF, 0xFF, 0xFF, 0xFF, 0xFF, 0xFF, 0xFE, 0xFA, 0xFF, 0x46, 0x00, 0x03, 0x00, 0x00,
        0x00, 0x00, 0x00, 0x00, 0x00, 0x00, 0x00, 0x00, 0x00, 0x00, 0x00, 0x00, 0x00, 0x00, 0x00, 0x02,
        0x01, 0x25, 0xEF, 0xFF, 0xFD, 0xFF, 0xFF, 0xFF, 0xFF, 0xFF, 0xFF, 0xFF, 0xFF, 0xFF, 0xFF, 0xFF,
        0xFF, 0xFF, 0xFF, 0xFF, 0xFF, 0xFF, 0xFF, 0xFD, 0xFA, 0xFF, 0x92, 0x00, 0x03, 0x00, 0x00, 0x00,
        0x00, 0x00, 0x00, 0x00, 0x00, 0x00, 0x00, 0x00, 0x00, 0x00, 0x00, 0x00, 0x00, 0x00, 0x00, 0x00,
        0x02, 0x00, 0x3A, 0xE7, 0xFE, 0xFE, 0xFF, 0xFF, 0xFF, 0xFF, 0xFF, 0xFF, 0xFF, 0xFF, 0xFF, 0xFF,
        0xFF, 0xFF, 0xFF, 0xFF, 0xFE, 0xFD, 0xFB, 0xFF, 0xFF, 0x9C, 0x01, 0x03, 0x01, 0x00, 0x00, 0x00,
        0x00, 0x00, 0x00, 0x00, 0x00, 0x00, 0x00, 0x00, 0x00, 0x00, 0x00, 0x00, 0x00, 0x00, 0x00, 0x00,
        0x00, 0x04, 0x00, 0x34, 0xFC, 0xFE, 0xFE, 0xFF, 0xFF, 0xFF, 0xFF, 0xFF, 0xFF, 0xFF, 0xFF, 0xFF,
        0xFE, 0xFB, 0xFB, 0xFC, 0xFF, 0xFF, 0xFF, 0xE6, 0x67, 0x00, 0x01, 0x01, 0x00, 0x00, 0x00, 0x00,
        0x00, 0x00, 0x00, 0x00, 0x00, 0x00, 0x00, 0x00, 0x00, 0x00, 0x00, 0x00, 0x00, 0x00, 0x00, 0x00,
        0x00, 0x02, 0x02, 0x21, 0xFD, 0xFF, 0xFE, 0xFF, 0xFF, 0xFF, 0xFF, 0xFF, 0xFF, 0xFF, 0xFF, 0xFF,
        0xFF, 0xFF, 0xFF, 0xFF, 0xFD, 0xCE, 0x78, 0x15, 0x00, 0x02, 0x00, 0x00, 0x00, 0x00, 0x00, 0x00,
        0x00, 0x00, 0x00, 0x00, 0x00, 0x00, 0x00, 0x00, 0x00, 0x00, 0x00, 0x00, 0x00, 0x00, 0x00, 0x00,
        0x00, 0x02, 0x00, 0x2A, 0xFF, 0xFF, 0xFF, 0xFF, 0xFF, 0xFF, 0xFF, 0xFF, 0xFF, 0xFF, 0xFE, 0xFF,
        0xEB, 0xA9, 0x89, 0x5D, 0x2A, 0x00, 0x00, 0x00, 0x03, 0x00, 0x00, 0x00, 0x00, 0x00, 0x00, 0x00,
        0x00, 0x00, 0x00, 0x00, 0x00, 0x00, 0x00, 0x00, 0x00, 0x00, 0x00, 0x00, 0x00, 0x00, 0x00, 0x00,
        0x00, 0x03, 0x00, 0x34, 0xFF, 0xFE, 0xFF, 0xFF, 0xFF, 0xFF, 0xFF, 0xFF, 0xFF, 0xFF, 0xFC, 0xFF,
        0xB1, 0x00, 0x00, 0x00, 0x00, 0x00, 0x04, 0x01, 0x00, 0x00, 0x00, 0x00, 0x00, 0x00, 0x00, 0x00,
        0x00, 0x00, 0x00, 0x00, 0x00, 0x00, 0x00, 0x00, 0x00, 0x00, 0x00, 0x00, 0x00, 0x00, 0x00, 0x00,
        0x00, 0x03, 0x00, 0x3F, 0xFF, 0xFD, 0xFF, 0xFF, 0xFF, 0xFF, 0xFF, 0xFF, 0xFF, 0xFF, 0xFB, 0xFF,
        0xA6, 0x03, 0x08, 0x04, 0x02, 0x00, 0x00, 0x00, 0x00, 0x00, 0x00, 0x00, 0x00, 0x00, 0x00, 0x00,
        0x00, 0x00, 0x00, 0x00, 0x00, 0x00, 0x00, 0x00, 0x00, 0x00, 0x00, 0x00, 0x00, 0x00, 0x00, 0x00,
        0x00, 0x03, 0x00, 0x4E, 0xFF, 0xFC, 0xFF, 0xFF, 0xFF, 0xFF, 0xFF, 0xFF, 0xFF, 0xFF, 0xFB, 0xFF,
        0x9C, 0x00, 0x04, 0x00, 0x00, 0x00, 0x00, 0x00, 0x00, 0x00, 0x00, 0x00, 0x00, 0x00, 0x00, 0x00,
        0x00, 0x00, 0x00, 0x00, 0x00, 0x00, 0x00, 0x00, 0x00, 0x00, 0x00, 0x00, 0x00, 0x00, 0x00, 0x00,
        0x00, 0x04, 0x00, 0x61, 0xFF, 0xFB, 0xFF, 0xFF, 0xFF, 0xFF, 0xFF, 0xFF, 0xFF, 0xFF, 0xFB, 0xFF,
        0x8A, 0x00, 0x04, 0x00, 0x00, 0x00, 0x00, 0x00, 0x00, 0x00, 0x00, 0x00, 0x00, 0x00, 0x00, 0x00,
        0x00, 0x00, 0x00, 0x00, 0x00, 0x00, 0x00, 0x00, 0x00, 0x00, 0x00, 0x00, 0x00, 0x00, 0x00, 0x00,
        0x00, 0x04, 0x00, 0x7A, 0xFF, 0xFB, 0xFF, 0xFF, 0xFF, 0xFF, 0xFF, 0xFF, 0xFF, 0xFF, 0xFB, 0xFF,
        0x73, 0x00, 0x04, 0x00, 0x00, 0x00, 0x00, 0x00, 0x00, 0x00, 0x00, 0x00, 0x00, 0x00, 0x00, 0x00,
        0x00, 0x00, 0x00, 0x00, 0x00, 0x00, 0x00, 0x00, 0x00, 0x00, 0x00, 0x00, 0x00, 0x00, 0x00, 0x00,
        0x00, 0x04, 0x00, 0x97, 0xFF, 0xFB, 0xFF, 0xFF, 0xFF, 0xFF, 0xFF, 0xFF, 0xFF, 0xFF, 0xFB, 0xFF,
        0x5E, 0x00, 0x04, 0x00, 0x00, 0x00, 0x00, 0x00, 0x00, 0x00, 0x00, 0x00, 0x00, 0x00, 0x00, 0x00,
        0x00, 0x00, 0x00, 0x00, 0x00, 0x00, 0x00, 0x00, 0x00, 0x00, 0x00, 0x00, 0x00, 0x00, 0x00, 0x00,
        0x00, 0x02, 0x00, 0xBC, 0xFF, 0xFC, 0xFF, 0xFF, 0xFF, 0xFF, 0xFF, 0xFF, 0xFF, 0xFF, 0xFD, 0xFF,
        0x47, 0x00, 0x03, 0x00, 0x00, 0x00, 0x00, 0x00, 0x00, 0x00, 0x00, 0x00, 0x00, 0x00, 0x00, 0x00,
        0x00, 0x00, 0x00, 0x00, 0x00, 0x00, 0x00, 0x00, 0x00, 0x00, 0x00, 0x00, 0x00, 0x00, 0x00, 0x00,
        0x01, 0x00, 0x06, 0xE0, 0xFF, 0xFD, 0xFF, 0xFF, 0xFF, 0xFF, 0xFF, 0xFF, 0xFF, 0xFF, 0xFF, 0xFE,
        0x2C, 0x00, 0x02, 0x00, 0x00, 0x00, 0x00, 0x00, 0x00, 0x00, 0x00, 0x00, 0x00, 0x00, 0x00, 0x00,
        0x00, 0x00, 0x00, 0x00, 0x00, 0x00, 0x00, 0x00, 0x00, 0x00, 0x00, 0x00, 0x00, 0x00, 0x00, 0x00,
        0x02, 0x01, 0x2B, 0xFD, 0xFE, 0xFF, 0xFF, 0xFF, 0xFF, 0xFF, 0xFF, 0xFF, 0xFF, 0xFE, 0xFF, 0xEC,
        0x0F, 0x00, 0x01, 0x00, 0x00, 0x00, 0x00, 0x00, 0x00, 0x00, 0x00, 0x00, 0x00, 0x00, 0x00, 0x00,
        0x00, 0x00, 0x00, 0x00, 0x00, 0x00, 0x00, 0x00, 0x00, 0x00, 0x00, 0x00, 0x00, 0x00, 0x00, 0x00,
        0x05, 0x00, 0x73, 0xFF, 0xFB, 0xFF, 0xFF, 0xFF, 0xFF, 0xFF, 0xFF, 0xFF, 0xFF, 0xFD, 0xFF, 0xCB,
        0x00, 0x01, 0x00, 0x00, 0x00, 0x00, 0x00, 0x00, 0x00, 0x00, 0x00, 0x00, 0x00, 0x00, 0x00, 0x00,
        0x00, 0x00, 0x00, 0x00, 0x00, 0x00, 0x00, 0x00, 0x00, 0x01, 0x01, 0x01, 0x02, 0x02, 0x03, 0x05,
        0x00, 0x03, 0xDA, 0xFF, 0xFD, 0xFF, 0xFF, 0xFF, 0xFF, 0xFF, 0xFF, 0xFF, 0xFF, 0xFB, 0xFF, 0x9C,
        0x00, 0x04, 0x00, 0x00, 0x00, 0x00, 0x00, 0x00, 0x00, 0x00, 0x00, 0x00, 0x00, 0x00, 0x00, 0x00,
        0x00, 0x00, 0x00, 0x00, 0x00, 0x03, 0x03, 0x01, 0x00, 0x00, 0x00, 0x00, 0x00, 0x00, 0x00, 0x00,
        0x11, 0xA1, 0xFF, 0xFD, 0xFF, 0xFF, 0xFF, 0xFF, 0xFF, 0xFF, 0xFF, 0xFF, 0xFF, 0xFB, 0xFF, 0x61,
        0x00, 0x04, 0x00, 0x00, 0x00, 0x00, 0x00, 0x00, 0x00, 0x00, 0x00, 0x00, 0x00, 0x00, 0x00, 0x00,
        0x00, 0x00, 0x00, 0x01, 0x01, 0x00, 0x00, 0x00, 0x00, 0x04, 0x07, 0x0E, 0x1C, 0x33, 0x5A, 0x96,
        0xE4, 0xFF, 0xFD, 0xFF, 0xFF, 0xFF, 0xFF, 0xFF, 0xFF, 0xFF, 0xFF, 0xFF, 0xFE, 0xFF, 0xFA, 0x22,
        0x00, 0x02, 0x00, 0x00, 0x00, 0x00, 0x00, 0x00, 0x00, 0x00, 0x00, 0x00, 0x00, 0x00, 0x00, 0x00,
        0x00, 0x00, 0x01, 0x00, 0x00, 0x47, 0x9F, 0xCA, 0xD5, 0xDD, 0xE1, 0xEA, 0xF6, 0xFF, 0xFF, 0xFF,
        0xFF, 0xFD, 0xFF, 0xFF, 0xFF, 0xFF, 0xFF, 0xFF, 0xFF, 0xFF, 0xFF, 0xFF, 0xFC, 0xFE, 0xC7, 0x00,
        0x01, 0x00, 0x00, 0x00, 0x00, 0x00, 0x00, 0x00, 0x00, 0x00, 0x00, 0x00, 0x00, 0x00, 0x00, 0x00,
        0x00, 0x01, 0x01, 0x0C, 0xA8, 0xFF, 0xFF, 0xFF, 0xFF, 0xFF, 0xFF, 0xFF, 0xFF, 0xFE, 0xFC, 0xFB,
        0xFD, 0xFF, 0xFF, 0xFF, 0xFF, 0xFF, 0xFF, 0xFF, 0xFF, 0xFF, 0xFF, 0xFF, 0xFB, 0xFF, 0x70, 0x03,
        0x05, 0x00, 0x00, 0x00, 0x00, 0x00, 0x00, 0x00, 0x00, 0x00, 0x00, 0x00, 0x00, 0x00, 0x00, 0x00,
        0x01, 0x02, 0x04, 0xBB, 0xFF, 0xFB, 0xFB, 0xFD, 0xFD, 0xFD, 0xFD, 0xFE, 0xFE, 0xFF, 0xFF, 0xFF,
        0xFF, 0xFF, 0xFF, 0xFF, 0xFF, 0xFF, 0xFF, 0xFF, 0xFF, 0xFF, 0xFF, 0xFD, 0xFF, 0xE4, 0x01, 0x00,
        0x00, 0x02, 0x04, 0x02, 0x01, 0x00, 0x00, 0x00, 0x00, 0x00, 0x00, 0x00, 0x00, 0x00, 0x00, 0x00,
        0x04, 0x00, 0x71, 0xFF, 0xF9, 0xFF, 0xFF, 0xFF, 0xFF, 0xFF, 0xFF, 0xFF, 0xFF, 0xFF, 0xFF, 0xFF,
        0xFF, 0xFF, 0xFF, 0xFF, 0xFF, 0xFF, 0xFF, 0xFF, 0xFF, 0xFF, 0xFF, 0xFE, 0xFE, 0xE2, 0x81, 0x48,
        0x14, 0x00, 0x00, 0x00, 0x00, 0x04, 0x03, 0x01, 0x00, 0x00, 0x00, 0x00, 0x00, 0x00, 0x00, 0x00,
        0x01, 0x06, 0xDE, 0xFD, 0xFD, 0xFF, 0xFF, 0xFF, 0xFF, 0xFF, 0xFF, 0xFF, 0xFF, 0xFF, 0xFF, 0xFF,
        0xFF, 0xFF, 0xFF, 0xFF, 0xFF, 0xFF, 0xFF, 0xFF, 0xFF, 0xFF, 0xFF, 0xFF, 0xFF, 0xFF, 0xFF, 0xFF,
        0xEC, 0xBB, 0x79, 0x35, 0x05, 0x00, 0x00, 0x00, 0x03, 0x03, 0x01, 0x00, 0x00, 0x00, 0x00, 0x00,
        0x00, 0x2B, 0xFF, 0xFF, 0xFF, 0xFF, 0xFF, 0xFF, 0xFF, 0xFF, 0xFF, 0xFF, 0xFF, 0xFF, 0xFF, 0xFF,
        0xFF, 0xFF, 0xFF, 0xFF, 0xFF, 0xFF, 0xFF, 0xFF, 0xFF, 0xFF, 0xFF, 0xFF, 0xFF, 0xFE, 0xFB, 0xFD,
        0xFF, 0xFF, 0xFF, 0xFF, 0xD8, 0x96, 0x49, 0x0D, 0x00, 0x00, 0x00, 0x03, 0x03, 0x00, 0x00, 0x00,
        0x00, 0x3D, 0xFE, 0xFD, 0xFF, 0xFF, 0xFF, 0xFF, 0xFF, 0xFF, 0xFF, 0xFF, 0xFF, 0xFF, 0xFF, 0xFF,
        0xFF, 0xFF, 0xFF, 0xFF, 0xFF, 0xFF, 0xFF, 0xFF, 0xFF, 0xFF, 0xFF, 0xFF, 0xFF, 0xFF, 0xFF, 0xFF,
        0xFE, 0xFC, 0xFB, 0xFF, 0xFF, 0xFF, 0xFF, 0xE3, 0x9E, 0x4A, 0x0A, 0x00, 0x00, 0x02, 0x00, 0x00,
        0x00, 0x30, 0xFF, 0xFE, 0xFF, 0xFF, 0xFF, 0xFF, 0xFF, 0xFF, 0xFF, 0xFF, 0xFF, 0xFF, 0xFF, 0xFF,
        0xFF, 0xFF, 0xFF, 0xFF, 0xFF, 0xFF, 0xFF, 0xFF, 0xFF, 0xFF, 0xFF, 0xFF, 0xFF, 0xFF, 0xFF, 0xFF,
        0xFF, 0xFF, 0xFF, 0xFF, 0xFD, 0xFB, 0xFD, 0xFF, 0xFF, 0xFF, 0xDE, 0x94, 0x3D, 0x00, 0x01, 0x00,
        0x00, 0x0A, 0xE8, 0xFE, 0xFD, 0xFF, 0xFF, 0xFF, 0xFF, 0xFF, 0xFF, 0xFF, 0xFF, 0xFF, 0xFF, 0xFF,
        0xFF, 0xFF, 0xFF, 0xFF, 0xFF, 0xFF, 0xFF, 0xFF, 0xFF, 0xFF, 0xFF, 0xFF, 0xFF, 0xFF, 0xFF, 0xFF,
        0xFF, 0xFF, 0xFF, 0xFF, 0xFF, 0xFF, 0xFF, 0xFE, 0xFB, 0xFD, 0xFF, 0xFF, 0xFF, 0x84, 0x00, 0x02,
        0x04, 0x00, 0x88, 0xFF, 0xF9, 0xFF, 0xFF, 0xFF, 0xFF, 0xFF, 0xFF, 0xFF, 0xFF, 0xFF, 0xFF, 0xFF,
        0xFF, 0xFF, 0xFF, 0xFF, 0xFF, 0xFF, 0xFF, 0xFF, 0xFF, 0xFF, 0xFF, 0xFF, 0xFF, 0xFF, 0xFF, 0xFF,
        0xFF, 0xFF, 0xFF, 0xFF, 0xFF, 0xFF, 0xFF, 0xFF, 0xFF, 0xFF, 0xFD, 0xFA, 0xFE, 0xFF, 0x25, 0x00,
        0x01, 0x02, 0x0E, 0xD7, 0xFF, 0xFB, 0xFE, 0xFF, 0xFF, 0xFF, 0xFF, 0xFF, 0xFF, 0xFF, 0xFF, 0xFF,
        0xFF, 0xFF, 0xFF, 0xFF, 0xFF, 0xFF, 0xFF, 0xFF, 0xFF, 0xFF, 0xFF, 0xFF, 0xFF, 0xFF, 0xFF, 0xFF,
        0xFF, 0xFF, 0xFF, 0xFF, 0xFF, 0xFF, 0xFF, 0xFF, 0xFF, 0xFF, 0xFF, 0xFF, 0xFC, 0xFF, 0x3F, 0x00,
        0x00, 0x02, 0x00, 0x1E, 0xC6, 0xFF, 0xFF, 0xFF, 0xFF, 0xFF, 0xFF, 0xFF, 0xFF, 0xFF, 0xFF, 0xFF,
        0xFF, 0xFF, 0xFF, 0xFF, 0xFF, 0xFF, 0xFF, 0xFF, 0xFF, 0xFF, 0xFF, 0xFF, 0xFF, 0xFF, 0xFF, 0xFF,
        0xFF, 0xFF, 0xFF, 0xFF, 0xFF, 0xFF, 0xFF, 0xFF, 0xFF, 0xFF, 0xFF, 0xFD, 0xFF, 0xE3, 0x0E, 0x01,
        0x00, 0x00, 0x02, 0x00, 0x07, 0x74, 0xD2, 0xF9, 0xFE, 0xFF, 0xFF, 0xFF, 0xFF, 0xFF, 0xFF, 0xFF,
        0xFF, 0xFF, 0xFF, 0xFF, 0xFF, 0xFF, 0xFF, 0xFF, 0xFF, 0xFF, 0xFF, 0xFF, 0xFF, 0xFF, 0xFF, 0xFF,
        0xFF, 0xFF, 0xFF, 0xFF, 0xFF, 0xFF, 0xFF, 0xFF, 0xFF, 0xFF, 0xFE, 0xFC, 0xD6, 0x3C, 0x00, 0x02,
    },
};
